A_LOAD,A_LOAD_STATUS,A_OCCUPANCY,A_DISTANCE,A_WAITING_TIME,B_LOAD,B_LOAD_STATUS,B_OCCUPANCY,B_DISTANCE,B_WAITING_TIME,C_LOAD,C_LOAD_STATUS,C_OCCUPANCY,C_DISTANCE,C_WAITING_TIME,GRID_HEADROOM,GRID_STATUS,BATTERY,RECOMMENDED
34,GREEN,0,7.5,2.4,37,GREEN,0,6.9,5.3,31,GREEN,3,0.8,25.5,59.2,GREEN,44,A
84,YELLOW,0,5.8,9.3,89,RED,3,2.6,33.3,20,GREEN,1,7.1,9.4,22.8,YELLOW,34,A
47,GREEN,2,1.5,20.2,65,YELLOW,2,6.2,23.7,78,YELLOW,0,9.7,7.3,24.0,YELLOW,52,C
66,YELLOW,1,7.2,12.8,49,GREEN,2,9.9,22.3,32,GREEN,3,3.1,27.7,41.2,GREEN,61,B
40,GREEN,2,3.9,20.7,29,GREEN,1,5.6,9.9,79,YELLOW,3,3.1,33.6,40.8,GREEN,43,B
61,YELLOW,0,2.7,4.2,60,GREEN,3,3.0,28.8,92,RED,2,2.5,25.2,14.8,RED,73,A
38,GREEN,2,1.8,20.8,88,RED,2,7.6,24.5,94,RED,3,3.9,35.4,12.0,RED,32,A
85,YELLOW,3,1.4,30.7,34,GREEN,1,6.5,12.6,74,YELLOW,0,4.2,7.8,22.8,YELLOW,74,C
87,RED,2,9.7,26.1,21,GREEN,0,7.0,2.2,54,GREEN,2,1.6,21.1,35.2,GREEN,73,B
20,GREEN,2,9.7,19.0,84,YELLOW,0,8.8,7.6,84,YELLOW,1,2.0,17.5,24.8,YELLOW,15,B
61,YELLOW,3,0.7,31.8,59,GREEN,1,1.1,15.4,30,GREEN,0,7.5,4.3,40.0,GREEN,31,C
36,GREEN,3,9.5,26.3,87,RED,3,9.7,34.4,45,GREEN,2,4.3,21.2,32.8,GREEN,62,C
76,YELLOW,3,1.6,30.5,63,YELLOW,0,6.1,5.2,48,GREEN,0,1.2,5.3,25.2,YELLOW,44,C
28,GREEN,0,8.7,1.1,50,GREEN,2,6.9,19.9,36,GREEN,3,2.8,27.5,54.4,GREEN,67,A
44,GREEN,0,1.4,4.1,74,YELLOW,3,4.9,32.3,32,GREEN,0,4.3,2.6,40.0,GREEN,28,C
51,GREEN,1,2.3,12.9,74,YELLOW,1,3.1,14.4,29,GREEN,3,8.2,28.3,38.4,GREEN,27,A
26,GREEN,0,9.7,4.3,50,GREEN,1,4.4,12.9,71,YELLOW,0,2.1,5.1,41.2,GREEN,64,A
53,GREEN,3,3.2,30.1,91,RED,3,2.0,32.3,27,GREEN,0,7.6,0.9,31.6,GREEN,76,C
84,YELLOW,1,1.0,16.4,43,GREEN,0,6.2,5.0,50,GREEN,3,1.6,30.6,29.2,YELLOW,46,B
94,RED,0,6.4,9.1,94,RED,2,9.4,24.2,60,GREEN,1,3.0,12.5,0.8,RED,53,AVOID
78,YELLOW,2,9.3,25.5,21,GREEN,3,6.4,26.4,32,GREEN,0,5.6,3.2,47.6,GREEN,31,C
64,YELLOW,0,8.9,5.9,40,GREEN,3,8.4,28.8,87,RED,0,6.8,8.9,23.6,YELLOW,28,A
37,GREEN,2,1.6,18.1,90,RED,1,3.1,17.4,63,YELLOW,1,7.0,15.7,24.0,YELLOW,79,A
82,YELLOW,2,9.1,25.6,31,GREEN,3,8.4,25.3,62,YELLOW,1,6.6,13.2,30.0,YELLOW,71,C
90,RED,3,5.8,31.4,39,GREEN,0,8.4,4.2,38,GREEN,3,1.7,27.0,33.2,GREEN,20,B
65,YELLOW,1,7.0,15.2,65,YELLOW,3,9.8,31.5,50,GREEN,1,9.8,14.2,28.0,YELLOW,67,C
23,GREEN,1,7.5,9.6,72,YELLOW,1,3.0,16.3,33,GREEN,3,8.8,28.7,48.8,GREEN,43,A
45,GREEN,3,3.8,29.8,49,GREEN,1,0.7,11.7,62,YELLOW,2,8.7,24.1,37.6,GREEN,50,B
64,YELLOW,3,7.0,31.8,62,YELLOW,0,1.6,8.1,42,GREEN,2,0.9,20.6,32.8,GREEN,59,B
60,GREEN,3,6.3,30.0,69,YELLOW,1,2.9,15.7,20,GREEN,1,4.0,8.3,40.4,GREEN,57,C
60,GREEN,0,7.3,5.2,59,GREEN,3,3.6,30.7,90,RED,1,2.3,17.7,16.4,YELLOW,63,A
42,GREEN,2,4.4,21.5,58,GREEN,2,2.5,22.9,61,YELLOW,3,4.7,30.8,35.6,GREEN,80,A
80,YELLOW,1,6.8,15.1,62,YELLOW,0,8.3,7.2,59,GREEN,1,8.2,12.5,19.6,YELLOW,20,B
51,GREEN,3,6.3,30.2,78,YELLOW,3,8.9,32.1,69,YELLOW,3,4.3,29.5,20.8,YELLOW,15,AVOID
33,GREEN,3,2.6,28.5,86,RED,3,1.0,31.6,35,GREEN,3,1.8,27.4,38.4,GREEN,55,AVOID
76,YELLOW,3,8.4,31.8,40,GREEN,3,4.8,29.0,55,GREEN,3,6.5,28.6,31.6,GREEN,24,AVOID
56,GREEN,1,3.1,12.9,89,RED,0,1.8,7.8,39,GREEN,1,1.1,11.5,26.4,YELLOW,74,B
73,YELLOW,0,2.5,7.0,94,RED,0,8.6,10.5,68,YELLOW,3,0.6,30.2,6.0,RED,64,A
73,YELLOW,1,5.1,14.4,82,YELLOW,0,4.2,8.9,71,YELLOW,1,8.5,16.8,9.6,RED,18,B
70,YELLOW,0,1.3,6.7,79,YELLOW,1,1.0,15.4,47,GREEN,3,3.6,29.7,21.6,YELLOW,63,A
55,GREEN,3,2.9,27.8,22,GREEN,0,10.0,1.6,28,GREEN,0,7.7,4.6,58.0,GREEN,40,B
22,GREEN,1,2.8,10.1,34,GREEN,1,4.9,10.4,67,YELLOW,1,6.3,16.6,50.8,GREEN,29,A
40,GREEN,2,1.5,18.1,59,GREEN,3,4.3,30.8,29,GREEN,1,1.5,12.0,48.8,GREEN,30,C
92,RED,0,3.8,8.9,67,YELLOW,0,5.3,6.1,73,YELLOW,3,1.5,33.1,7.2,RED,73,B
39,GREEN,3,2.2,28.0,54,GREEN,3,4.9,30.7,95,RED,2,3.6,24.5,24.8,YELLOW,26,AVOID
55,GREEN,3,2.8,29.4,68,YELLOW,2,0.8,24.2,43,GREEN,3,2.5,29.5,33.6,GREEN,58,B
55,GREEN,2,5.8,21.6,44,GREEN,0,2.8,4.0,91,RED,1,7.1,17.7,24.0,YELLOW,77,B
77,YELLOW,0,1.4,6.6,51,GREEN,2,6.8,20.6,90,RED,2,4.5,26.0,12.8,RED,57,A
65,YELLOW,3,3.1,29.5,35,GREEN,1,3.5,12.5,43,GREEN,1,2.6,12.2,42.8,GREEN,51,B
32,GREEN,1,3.3,10.6,58,GREEN,0,7.2,4.3,25,GREEN,0,5.8,3.3,54.0,GREEN,31,C
82,YELLOW,0,8.8,8.5,80,YELLOW,3,4.7,30.7,26,GREEN,2,9.4,18.5,24.8,YELLOW,23,A
71,YELLOW,3,1.2,31.6,26,GREEN,1,1.9,10.9,58,GREEN,0,9.9,4.3,38.0,GREEN,68,C
48,GREEN,3,4.8,28.6,95,RED,3,3.4,34.0,32,GREEN,1,6.4,10.3,30.0,YELLOW,25,C
40,GREEN,1,2.2,10.3,20,GREEN,3,4.8,26.4,57,GREEN,0,2.7,6.5,53.2,GREEN,73,C
29,GREEN,1,9.3,12.1,95,RED,1,4.5,17.7,39,GREEN,2,8.4,18.2,34.8,GREEN,36,A
59,GREEN,2,4.7,21.8,58,GREEN,3,9.5,29.8,83,YELLOW,3,1.3,30.5,20.0,YELLOW,70,A
61,YELLOW,2,0.7,21.0,93,RED,0,10.0,10.0,54,GREEN,0,7.7,4.1,16.8,YELLOW,71,C
55,GREEN,1,10.0,13.2,82,YELLOW,0,5.0,7.8,61,YELLOW,0,8.6,5.4,20.8,YELLOW,78,C
56,GREEN,3,8.2,29.8,78,YELLOW,0,3.5,7.1,71,YELLOW,0,6.7,7.3,18.0,YELLOW,67,C
26,GREEN,1,5.4,11.1,83,YELLOW,3,7.7,31.1,90,RED,1,9.3,16.8,20.4,YELLOW,77,A
35,GREEN,0,9.7,3.9,50,GREEN,1,3.5,11.1,72,YELLOW,0,2.6,8.6,37.2,GREEN,29,A
79,YELLOW,0,6.7,6.5,57,GREEN,2,4.4,21.6,80,YELLOW,1,4.8,14.6,13.6,RED,39,A
85,YELLOW,1,8.7,15.6,73,YELLOW,2,9.4,23.3,20,GREEN,2,7.4,19.3,28.8,YELLOW,77,C
39,GREEN,3,5.6,27.3,90,RED,3,4.8,32.3,44,GREEN,1,5.9,11.3,30.8,GREEN,67,C
25,GREEN,2,7.6,19.3,68,YELLOW,3,9.9,32.0,39,GREEN,3,9.7,26.4,47.2,GREEN,57,A
32,GREEN,3,1.4,28.8,21,GREEN,1,4.4,10.7,39,GREEN,0,5.0,5.8,63.2,GREEN,58,C
70,YELLOW,0,8.6,8.4,88,RED,3,9.6,33.3,82,YELLOW,0,6.4,7.1,4.0,RED,51,AVOID
49,GREEN,0,4.6,3.3,32,GREEN,3,2.1,26.4,23,GREEN,0,3.6,0.5,58.4,GREEN,60,C
67,YELLOW,3,1.9,30.8,92,RED,1,2.1,15.5,68,YELLOW,1,5.2,15.1,9.2,RED,44,C
79,YELLOW,2,4.9,24.6,79,YELLOW,2,6.9,22.5,76,YELLOW,2,9.9,22.8,6.4,RED,69,C
52,GREEN,3,8.5,28.0,69,YELLOW,3,1.5,30.4,65,YELLOW,2,9.9,21.7,25.6,YELLOW,65,C
55,GREEN,0,5.9,6.2,26,GREEN,3,8.4,28.2,49,GREEN,2,2.6,19.7,48.0,GREEN,47,A
37,GREEN,0,9.1,4.3,59,GREEN,3,0.8,29.4,36,GREEN,0,9.1,2.9,47.2,GREEN,68,C
42,GREEN,1,1.8,12.4,66,YELLOW,2,8.4,21.6,81,YELLOW,2,7.6,23.5,24.4,YELLOW,29,A
79,YELLOW,0,1.8,9.8,70,YELLOW,2,1.4,22.6,53,GREEN,0,4.8,6.0,19.2,YELLOW,48,C
94,RED,3,8.3,35.2,33,GREEN,1,5.0,11.8,91,RED,2,9.2,24.0,12.8,RED,23,B
79,YELLOW,2,6.7,22.4,25,GREEN,0,3.4,2.5,32,GREEN,1,8.9,9.7,45.6,GREEN,73,B
67,YELLOW,3,6.1,31.6,73,YELLOW,0,8.4,7.8,55,GREEN,0,7.1,4.4,22.0,YELLOW,71,C
50,GREEN,2,1.4,21.7,89,RED,2,1.1,24.0,35,GREEN,3,1.4,26.3,30.4,GREEN,17,A
26,GREEN,2,2.8,17.1,92,RED,1,1.2,18.3,46,GREEN,1,8.2,11.5,34.4,GREEN,33,A
20,GREEN,2,8.7,16.6,36,GREEN,2,8.1,18.0,23,GREEN,1,0.6,11.5,68.4,GREEN,45,C
95,RED,2,0.6,24.6,36,GREEN,3,5.5,28.6,80,YELLOW,3,7.9,32.1,15.6,YELLOW,28,AVOID
77,YELLOW,1,9.5,13.9,86,RED,2,4.9,26.5,27,GREEN,3,8.5,26.4,24.0,YELLOW,28,A
82,YELLOW,3,1.2,30.5,38,GREEN,0,1.7,4.3,94,RED,2,4.1,25.8,14.4,RED,52,B
78,YELLOW,3,1.4,32.6,90,RED,1,4.6,18.6,72,YELLOW,2,8.4,22.8,4.0,RED,27,AVOID
60,GREEN,3,3.5,29.0,39,GREEN,3,1.1,29.2,31,GREEN,3,1.4,28.1,48.0,GREEN,31,AVOID
91,RED,0,6.1,9.3,62,YELLOW,0,4.4,7.7,74,YELLOW,0,9.7,7.8,9.2,RED,60,B
33,GREEN,1,2.0,11.2,33,GREEN,2,8.5,18.8,55,GREEN,1,8.2,14.9,51.6,GREEN,18,A
54,GREEN,0,2.2,6.2,59,GREEN,2,3.8,20.6,38,GREEN,3,1.2,28.8,39.6,GREEN,18,A
31,GREEN,1,4.1,10.9,40,GREEN,2,3.5,19.3,92,RED,0,8.9,7.8,34.8,GREEN,21,C
30,GREEN,2,4.7,18.7,76,YELLOW,3,3.1,32.6,34,GREEN,2,4.6,18.5,44.0,GREEN,77,A
87,RED,2,0.9,24.3,27,GREEN,0,2.4,4.5,37,GREEN,2,3.2,18.2,39.6,GREEN,78,B
75,YELLOW,1,1.7,15.6,49,GREEN,2,1.2,22.3,25,GREEN,3,0.7,28.2,40.4,GREEN,55,B
93,RED,3,5.9,34.1,73,YELLOW,2,1.6,21.4,61,YELLOW,1,8.1,14.6,9.2,RED,61,C
31,GREEN,3,8.5,26.1,95,RED,3,5.5,33.1,59,GREEN,2,2.6,23.0,26.0,YELLOW,24,C
85,YELLOW,0,5.5,7.3,64,YELLOW,2,7.4,23.7,38,GREEN,1,1.5,10.8,25.2,YELLOW,37,A
39,GREEN,0,2.2,5.0,83,YELLOW,3,7.7,33.3,77,YELLOW,2,8.7,24.2,20.4,YELLOW,34,A
76,YELLOW,0,5.0,8.1,55,GREEN,0,3.8,3.8,79,YELLOW,3,0.9,31.4,16.0,YELLOW,51,B
29,GREEN,0,6.3,2.9,79,YELLOW,0,4.8,9.1,44,GREEN,2,6.2,20.4,39.2,GREEN,22,A
77,YELLOW,0,8.2,9.0,30,GREEN,1,0.9,11.8,76,YELLOW,1,4.0,17.3,26.8,YELLOW,64,A
72,YELLOW,2,6.9,21.4,62,YELLOW,0,3.6,6.4,69,YELLOW,2,2.9,24.3,18.8,YELLOW,34,B
62,YELLOW,0,6.0,4.8,64,YELLOW,2,9.7,23.2,70,YELLOW,1,6.2,16.8,21.6,YELLOW,54,A
91,RED,3,6.6,32.4,36,GREEN,0,6.6,3.3,66,YELLOW,0,3.9,5.3,22.8,YELLOW,42,B
63,YELLOW,3,2.3,32.3,39,GREEN,0,3.3,5.1,84,YELLOW,0,6.8,9.9,25.6,YELLOW,31,B
68,YELLOW,1,2.0,16.1,41,GREEN,3,0.9,27.6,50,GREEN,3,6.3,30.0,36.4,GREEN,72,A
49,GREEN,1,3.4,14.1,80,YELLOW,1,4.0,17.8,76,YELLOW,3,7.8,32.7,18.0,YELLOW,79,A
87,RED,3,9.7,34.0,37,GREEN,2,1.0,19.6,67,YELLOW,0,7.3,6.8,23.6,YELLOW,30,C
56,GREEN,0,7.7,4.7,85,YELLOW,1,8.4,14.9,48,GREEN,3,8.9,30.5,24.4,YELLOW,68,A
26,GREEN,3,5.3,25.5,30,GREEN,2,2.6,18.3,32,GREEN,2,8.0,17.8,64.8,GREEN,51,B
80,YELLOW,1,7.7,15.9,20,GREEN,0,0.7,0.9,39,GREEN,3,1.6,27.1,44.4,GREEN,53,B
35,GREEN,0,2.8,4.1,78,YELLOW,0,1.6,9.4,88,RED,0,6.5,9.1,19.6,YELLOW,33,A
57,GREEN,3,0.5,29.1,93,RED,3,2.3,34.0,87,RED,2,1.1,24.8,5.2,RED,79,C
84,YELLOW,0,4.2,8.3,69,YELLOW,2,2.9,21.0,28,GREEN,2,2.8,19.4,27.6,YELLOW,28,A
94,RED,2,1.8,24.8,63,YELLOW,1,8.4,15.0,81,YELLOW,1,8.2,14.4,4.8,RED,73,AVOID
24,GREEN,2,2.4,19.6,25,GREEN,2,9.4,18.6,89,RED,3,2.9,33.9,44.8,GREEN,39,A
56,GREEN,2,8.7,19.8,62,YELLOW,2,1.7,21.7,71,YELLOW,3,9.0,30.6,24.4,YELLOW,38,A
83,YELLOW,3,4.0,33.5,54,GREEN,0,7.4,3.7,43,GREEN,2,3.6,18.6,28.0,YELLOW,52,B
59,GREEN,3,6.2,29.6,76,YELLOW,2,4.7,24.5,65,YELLOW,3,3.1,32.4,20.0,YELLOW,22,B
29,GREEN,3,4.0,28.1,40,GREEN,0,1.9,4.4,76,YELLOW,0,1.7,6.5,42.0,GREEN,61,B
66,YELLOW,3,9.5,28.7,39,GREEN,3,9.5,27.4,29,GREEN,1,5.5,10.5,46.4,GREEN,50,C
51,GREEN,0,0.7,3.8,86,RED,3,9.2,31.1,53,GREEN,3,2.5,29.7,24.0,YELLOW,77,A
45,GREEN,0,1.8,2.8,42,GREEN,3,10.0,29.4,60,GREEN,2,7.2,22.2,41.2,GREEN,52,A
58,GREEN,1,7.3,15.5,42,GREEN,2,5.3,18.7,45,GREEN,1,2.7,12.5,42.0,GREEN,61,C
90,RED,2,4.9,26.9,36,GREEN,0,1.1,3.2,81,YELLOW,3,7.8,33.4,17.2,YELLOW,24,B
36,GREEN,2,6.6,19.4,86,RED,2,1.7,25.9,90,RED,1,7.8,15.5,15.2,YELLOW,79,A
27,GREEN,0,5.4,1.9,40,GREEN,2,9.4,18.9,86,RED,2,8.5,23.6,38.8,GREEN,50,A
36,GREEN,2,6.3,18.0,41,GREEN,1,2.1,12.6,63,YELLOW,0,8.3,4.4,44.0,GREEN,20,C
93,RED,2,6.7,26.4,73,YELLOW,0,5.2,7.8,57,GREEN,2,5.1,22.9,10.8,RED,66,B
58,GREEN,3,1.2,28.0,76,YELLOW,3,5.1,30.4,38,GREEN,2,8.7,19.1,31.2,GREEN,59,C
71,YELLOW,1,7.7,15.2,33,GREEN,2,2.8,17.8,77,YELLOW,1,1.8,13.9,27.6,YELLOW,64,B
73,YELLOW,1,9.6,16.9,61,YELLOW,2,2.3,20.7,85,YELLOW,3,5.2,31.7,12.4,RED,17,B
31,GREEN,3,5.3,29.0,47,GREEN,2,1.0,19.8,80,YELLOW,2,5.6,25.4,36.8,GREEN,70,B
37,GREEN,2,7.4,20.8,66,YELLOW,0,4.3,6.9,44,GREEN,2,5.8,18.7,41.2,GREEN,79,B
77,YELLOW,2,8.3,24.2,35,GREEN,1,9.8,11.1,63,YELLOW,2,7.7,21.1,30.0,YELLOW,80,B
71,YELLOW,0,0.9,5.6,62,YELLOW,3,5.4,28.8,85,YELLOW,1,3.6,17.0,12.8,RED,35,A
70,YELLOW,2,6.1,23.0,85,YELLOW,3,7.2,31.7,22,GREEN,2,3.6,16.6,29.2,YELLOW,68,C
94,RED,2,8.1,26.3,23,GREEN,3,3.0,26.9,94,RED,1,7.4,17.7,15.6,YELLOW,36,C
87,RED,3,1.9,33.4,24,GREEN,0,2.3,2.2,73,YELLOW,1,4.4,14.1,26.4,YELLOW,79,B
80,YELLOW,0,7.2,8.1,91,RED,2,10.0,25.0,68,YELLOW,2,9.6,22.6,4.4,RED,58,AVOID
89,RED,2,6.9,26.4,53,GREEN,3,2.3,28.3,91,RED,2,2.6,27.0,6.8,RED,53,A
56,GREEN,1,7.1,13.6,81,YELLOW,2,5.8,25.8,55,GREEN,2,1.7,22.2,23.2,YELLOW,63,A
70,YELLOW,2,9.6,24.2,57,GREEN,0,3.2,6.6,64,YELLOW,3,6.7,31.4,23.6,YELLOW,42,B
45,GREEN,2,9.4,21.3,37,GREEN,0,6.3,4.0,51,GREEN,0,6.9,5.2,46.8,GREEN,44,B
26,GREEN,0,4.4,3.5,32,GREEN,1,0.5,11.4,40,GREEN,3,6.7,29.5,60.8,GREEN,75,A
81,YELLOW,1,7.7,15.2,56,GREEN,0,9.1,4.0,93,RED,1,5.6,18.2,8.0,RED,19,B
42,GREEN,3,8.9,26.9,24,GREEN,3,8.0,25.1,57,GREEN,0,0.6,6.0,50.8,GREEN,28,C
62,YELLOW,2,4.8,22.8,87,RED,3,8.9,31.2,84,YELLOW,3,3.1,33.6,6.8,RED,57,A
40,GREEN,3,6.7,28.9,21,GREEN,2,8.0,18.4,44,GREEN,1,6.3,13.0,58.0,GREEN,66,B
74,YELLOW,2,1.3,24.1,43,GREEN,1,5.0,14.0,20,GREEN,2,4.1,17.8,45.2,GREEN,49,C
62,YELLOW,2,6.0,22.5,53,GREEN,2,7.1,19.5,35,GREEN,3,3.4,27.1,40.0,GREEN,79,B
59,GREEN,0,6.6,7.7,67,YELLOW,1,2.6,13.2,39,GREEN,3,7.6,28.3,34.0,GREEN,68,A
90,RED,3,7.7,34.2,47,GREEN,1,7.0,13.1,30,GREEN,3,5.5,26.4,33.2,GREEN,29,B
27,GREEN,1,5.9,9.3,61,YELLOW,3,1.6,28.9,94,RED,3,1.4,33.4,27.2,YELLOW,22,A
78,YELLOW,1,5.4,15.6,27,GREEN,3,6.9,25.9,22,GREEN,3,2.9,24.2,49.2,GREEN,42,A
94,RED,0,0.9,8.8,28,GREEN,0,9.4,1.1,80,YELLOW,0,3.2,6.7,19.2,YELLOW,32,B
73,YELLOW,2,9.9,22.8,68,YELLOW,3,1.3,32.7,89,RED,1,6.7,16.3,8.0,RED,37,A
88,RED,3,5.5,33.7,48,GREEN,0,7.7,6.7,79,YELLOW,3,5.6,33.2,14.0,RED,46,B
78,YELLOW,2,2.0,22.6,34,GREEN,0,8.2,3.1,22,GREEN,1,2.5,8.6,46.4,GREEN,19,B
77,YELLOW,0,2.8,5.9,76,YELLOW,1,5.6,16.6,27,GREEN,1,5.3,9.9,28.0,YELLOW,55,A
86,RED,2,2.8,26.8,79,YELLOW,1,4.4,15.7,84,YELLOW,1,6.4,16.8,0.0,RED,78,AVOID
26,GREEN,2,9.4,19.3,87,RED,2,7.1,24.3,58,GREEN,3,2.2,30.0,31.6,GREEN,45,A
48,GREEN,2,8.6,19.4,79,YELLOW,0,5.8,9.8,91,RED,1,4.2,16.1,12.8,RED,57,B
30,GREEN,3,8.5,25.4,44,GREEN,0,3.1,5.1,25,GREEN,0,2.3,3.5,60.4,GREEN,42,C
81,YELLOW,1,8.8,15.4,21,GREEN,1,9.4,11.9,35,GREEN,3,9.2,28.3,45.2,GREEN,41,B
70,YELLOW,1,5.7,16.1,68,YELLOW,3,5.6,30.2,53,GREEN,2,5.4,21.3,23.6,YELLOW,27,C
80,YELLOW,2,9.2,23.5,72,YELLOW,0,5.8,6.1,38,GREEN,0,3.0,5.5,24.0,YELLOW,68,C
57,GREEN,1,2.4,12.6,92,RED,1,5.2,17.8,63,YELLOW,2,7.8,22.3,15.2,YELLOW,77,A
78,YELLOW,1,7.5,15.2,37,GREEN,3,2.2,29.3,27,GREEN,0,8.5,1.0,43.2,GREEN,21,C
20,GREEN,3,1.8,26.5,28,GREEN,1,0.6,10.8,67,YELLOW,0,6.4,7.4,54.0,GREEN,76,C
82,YELLOW,0,0.6,8.4,21,GREEN,0,5.5,1.2,56,GREEN,0,5.3,6.4,36.4,GREEN,70,B
42,GREEN,0,9.2,4.3,50,GREEN,1,6.4,12.0,65,YELLOW,2,8.1,20.8,37.2,GREEN,66,A
78,YELLOW,1,9.9,14.7,30,GREEN,0,1.4,2.5,90,RED,3,1.0,31.0,20.8,YELLOW,36,B
30,GREEN,3,8.5,27.6,62,YELLOW,0,9.0,7.9,49,GREEN,1,9.1,13.7,43.6,GREEN,75,B
54,GREEN,0,9.3,6.1,55,GREEN,0,2.2,6.9,22,GREEN,1,6.1,11.2,47.6,GREEN,65,B
29,GREEN,2,2.0,17.9,69,YELLOW,2,4.1,23.9,30,GREEN,2,1.0,18.7,48.8,GREEN,24,A
63,YELLOW,3,9.7,29.6,54,GREEN,3,5.2,28.8,68,YELLOW,3,2.3,31.1,26.0,YELLOW,63,AVOID
30,GREEN,2,8.1,19.9,30,GREEN,2,2.0,19.8,39,GREEN,3,3.5,26.3,60.4,GREEN,15,B
59,GREEN,3,3.9,29.0,36,GREEN,0,2.3,3.4,91,RED,3,1.5,31.5,25.6,YELLOW,26,B
61,YELLOW,3,0.6,29.8,30,GREEN,1,5.9,9.7,68,YELLOW,1,1.8,14.0,36.4,GREEN,78,B
38,GREEN,0,2.1,2.9,58,GREEN,3,7.9,29.2,51,GREEN,3,6.1,27.9,41.2,GREEN,28,A
37,GREEN,2,0.6,19.3,68,YELLOW,2,4.7,22.5,37,GREEN,2,3.5,21.5,43.2,GREEN,40,A
81,YELLOW,2,2.2,23.7,60,GREEN,2,7.5,22.5,93,RED,1,3.6,16.4,6.4,RED,65,B
66,YELLOW,0,9.4,5.4,89,RED,1,7.0,17.1,79,YELLOW,1,4.7,15.1,6.4,RED,23,A
72,YELLOW,3,1.8,30.4,52,GREEN,1,7.3,14.4,29,GREEN,3,9.9,26.8,38.8,GREEN,66,B
88,RED,3,5.7,34.0,66,YELLOW,0,1.5,5.6,65,YELLOW,1,6.6,12.7,12.4,RED,66,B
62,YELLOW,3,1.5,28.6,48,GREEN,1,4.7,12.4,95,RED,1,3.8,15.6,18.0,YELLOW,28,B
57,GREEN,3,9.2,28.0,38,GREEN,2,3.5,19.6,46,GREEN,3,3.8,27.0,43.6,GREEN,72,B
60,GREEN,0,3.4,7.2,34,GREEN,0,8.6,4.0,41,GREEN,1,5.4,12.3,46.0,GREEN,57,B
91,RED,3,9.6,32.0,71,YELLOW,1,2.3,15.7,70,YELLOW,0,7.5,8.5,7.2,RED,72,C
95,RED,3,4.2,34.3,46,GREEN,2,7.6,21.8,28,GREEN,0,8.1,2.9,32.4,GREEN,61,C
61,YELLOW,1,4.8,13.1,82,YELLOW,2,6.2,24.6,95,RED,0,3.8,10.9,4.8,RED,37,AVOID
58,GREEN,0,6.9,5.1,50,GREEN,2,1.6,20.5,38,GREEN,3,4.5,26.4,41.6,GREEN,64,A
74,YELLOW,1,5.1,15.5,42,GREEN,1,5.2,10.8,60,GREEN,3,6.4,31.5,29.6,YELLOW,16,B
82,YELLOW,1,2.4,15.7,91,RED,3,4.4,33.1,76,YELLOW,3,2.1,31.9,0.4,RED,43,AVOID
57,GREEN,0,3.1,5.9,41,GREEN,3,5.9,29.2,83,YELLOW,0,5.9,7.4,27.6,YELLOW,61,A
89,RED,0,7.7,8.7,47,GREEN,3,1.5,30.0,51,GREEN,2,8.8,19.2,25.2,YELLOW,48,A
64,YELLOW,0,4.7,8.4,50,GREEN,1,8.2,13.4,64,YELLOW,3,2.1,29.0,28.8,YELLOW,41,A
46,GREEN,0,5.9,4.7,88,RED,1,3.6,17.6,57,GREEN,2,9.5,21.8,23.6,YELLOW,27,A
37,GREEN,3,9.2,29.7,36,GREEN,1,2.9,12.4,51,GREEN,3,5.1,29.4,50.4,GREEN,49,B
73,YELLOW,3,4.8,31.8,31,GREEN,3,5.4,26.2,67,YELLOW,3,9.5,30.0,31.6,GREEN,15,AVOID
31,GREEN,3,6.5,27.9,28,GREEN,3,2.6,26.5,47,GREEN,3,3.1,30.0,57.6,GREEN,58,AVOID
90,RED,1,5.9,16.9,63,YELLOW,0,0.9,6.8,78,YELLOW,0,1.7,9.2,7.6,RED,71,B
78,YELLOW,0,9.9,7.5,36,GREEN,2,2.0,21.3,55,GREEN,0,6.7,4.5,32.4,GREEN,62,C
41,GREEN,0,4.3,3.3,49,GREEN,3,6.7,29.7,20,GREEN,1,5.0,8.5,56.0,GREEN,43,A
86,RED,3,0.6,33.4,35,GREEN,3,7.1,27.4,49,GREEN,3,1.3,30.1,32.0,GREEN,28,AVOID
60,GREEN,2,8.9,20.5,37,GREEN,1,1.1,12.0,41,GREEN,3,3.8,27.0,44.8,GREEN,34,B
72,YELLOW,3,8.7,29.5,32,GREEN,1,7.6,11.6,69,YELLOW,2,9.7,22.2,30.8,GREEN,32,B
51,GREEN,2,6.6,20.1,56,GREEN,0,8.6,6.2,58,GREEN,1,5.4,13.8,34.0,GREEN,65,B
57,GREEN,0,7.9,6.9,50,GREEN,3,4.2,28.0,29,GREEN,0,9.9,4.6,45.6,GREEN,31,C
69,YELLOW,3,4.0,31.6,80,YELLOW,0,0.7,6.3,53,GREEN,1,0.9,11.5,19.2,YELLOW,65,B
84,YELLOW,2,6.5,24.4,73,YELLOW,3,7.2,29.6,88,RED,1,3.1,16.0,2.0,RED,80,AVOID
46,GREEN,1,5.6,12.2,28,GREEN,2,7.1,19.7,50,GREEN,0,2.8,6.7,50.4,GREEN,29,C
78,YELLOW,0,3.4,8.8,42,GREEN,0,0.6,2.7,21,GREEN,1,5.2,9.5,43.6,GREEN,48,B
41,GREEN,2,1.7,21.2,54,GREEN,0,7.8,3.5,74,YELLOW,2,5.5,22.5,32.4,GREEN,24,B
83,YELLOW,3,5.4,30.5,92,RED,1,4.0,16.2,33,GREEN,0,2.7,3.3,16.8,YELLOW,20,C
21,GREEN,1,0.9,9.6,39,GREEN,1,9.3,13.3,90,RED,3,2.6,32.0,40.0,GREEN,55,A
54,GREEN,0,5.9,3.9,26,GREEN,1,2.6,10.7,25,GREEN,3,1.2,26.4,58.0,GREEN,51,A
59,GREEN,2,1.3,21.7,67,YELLOW,1,3.3,15.8,51,GREEN,3,4.0,31.0,29.2,YELLOW,40,A
89,RED,1,1.9,18.6,23,GREEN,1,5.6,10.8,21,GREEN,2,0.5,18.7,46.8,GREEN,54,B
33,GREEN,1,5.5,10.3,82,YELLOW,0,9.7,6.8,55,GREEN,0,0.9,4.4,32.0,GREEN,67,C
67,YELLOW,3,9.8,29.0,32,GREEN,1,6.6,10.8,95,RED,0,4.6,11.4,22.4,YELLOW,45,B
57,GREEN,2,8.6,23.4,70,YELLOW,2,3.5,22.1,29,GREEN,1,1.8,12.0,37.6,GREEN,28,C
39,GREEN,0,2.1,3.8,72,YELLOW,0,5.6,9.1,46,GREEN,3,3.4,27.7,37.2,GREEN,30,A
31,GREEN,1,8.2,10.3,25,GREEN,1,8.4,9.8,31,GREEN,1,9.7,10.7,65.2,GREEN,21,B
58,GREEN,2,8.3,20.5,71,YELLOW,3,5.8,31.3,32,GREEN,3,1.5,28.4,35.6,GREEN,30,A
21,GREEN,0,8.4,4.0,36,GREEN,1,8.3,11.1,30,GREEN,2,9.2,17.3,65.2,GREEN,23,A
45,GREEN,3,8.2,26.9,62,YELLOW,0,0.9,6.0,41,GREEN,3,8.3,27.7,40.8,GREEN,18,B
68,YELLOW,3,2.1,29.7,43,GREEN,2,3.2,21.8,24,GREEN,1,6.6,10.4,46.0,GREEN,76,C
27,GREEN,0,3.2,1.2,45,GREEN,1,6.5,13.7,22,GREEN,3,7.9,25.6,62.4,GREEN,77,A
64,YELLOW,2,4.2,21.1,60,GREEN,1,0.8,15.2,55,GREEN,0,8.2,5.4,28.4,YELLOW,60,C
94,RED,1,9.8,15.8,50,GREEN,2,5.6,22.2,27,GREEN,1,6.0,12.6,31.6,GREEN,64,C
65,YELLOW,1,2.2,14.9,65,YELLOW,0,7.2,5.9,92,RED,1,5.8,16.0,11.2,RED,78,B
89,RED,2,2.2,23.1,27,GREEN,1,6.2,8.8,81,YELLOW,0,3.7,8.6,21.2,YELLOW,31,C
63,YELLOW,1,9.2,15.7,61,YELLOW,0,0.7,6.4,38,GREEN,0,8.5,5.2,35.2,GREEN,24,C
67,YELLOW,3,6.1,30.0,61,YELLOW,1,9.8,15.0,75,YELLOW,3,6.7,30.2,18.8,YELLOW,60,B
48,GREEN,1,4.1,13.7,57,GREEN,1,2.2,11.7,93,RED,3,8.6,34.4,20.8,YELLOW,19,A
43,GREEN,2,9.2,22.2,48,GREEN,0,9.4,3.4,29,GREEN,1,3.8,10.2,52.0,GREEN,26,B
62,YELLOW,3,0.6,29.0,28,GREEN,2,2.9,17.2,20,GREEN,0,4.2,2.9,56.0,GREEN,36,C
72,YELLOW,3,8.9,30.6,68,YELLOW,0,8.4,8.0,93,RED,1,2.0,15.6,6.8,RED,19,B
57,GREEN,0,3.5,7.5,29,GREEN,2,2.1,18.4,29,GREEN,0,3.7,4.8,54.0,GREEN,76,C
23,GREEN,3,9.5,25.0,75,YELLOW,1,1.0,14.8,44,GREEN,3,7.1,29.3,43.2,GREEN,48,B
56,GREEN,2,2.8,19.8,93,RED,3,2.0,32.7,74,YELLOW,0,3.3,8.0,10.8,RED,76,C
45,GREEN,0,0.7,3.2,57,GREEN,0,5.0,4.2,70,YELLOW,3,5.1,31.6,31.2,GREEN,26,A
89,RED,3,2.3,34.4,67,YELLOW,1,4.7,13.8,79,YELLOW,2,2.6,23.0,6.0,RED,22,B
39,GREEN,0,1.3,3.3,89,RED,3,9.7,33.3,90,RED,0,8.5,10.3,12.8,RED,68,A
88,RED,3,5.9,31.7,58,GREEN,0,4.3,7.2,24,GREEN,1,1.6,11.4,32.0,GREEN,37,B
41,GREEN,1,8.2,10.6,74,YELLOW,0,9.9,7.1,38,GREEN,2,3.5,20.7,38.8,GREEN,23,B
31,GREEN,3,5.8,27.3,55,GREEN,3,9.2,27.5,95,RED,3,1.6,32.1,27.6,YELLOW,27,AVOID
33,GREEN,0,8.0,4.8,64,YELLOW,3,3.0,31.0,93,RED,3,0.9,32.4,24.0,YELLOW,33,A
71,YELLOW,0,4.3,8.6,50,GREEN,0,7.6,6.7,67,YELLOW,0,3.7,7.9,24.8,YELLOW,54,B
55,GREEN,3,8.7,30.2,49,GREEN,1,3.4,13.9,61,YELLOW,2,7.4,22.5,34.0,GREEN,26,B
44,GREEN,3,2.5,29.7,82,YELLOW,2,8.3,24.3,40,GREEN,0,3.5,4.0,33.6,GREEN,32,C
87,RED,0,2.2,10.2,45,GREEN,0,2.9,4.3,66,YELLOW,1,3.1,15.9,20.8,YELLOW,79,B
70,YELLOW,0,7.0,6.0,82,YELLOW,3,2.2,33.7,95,RED,2,3.8,26.9,1.2,RED,48,AVOID
31,GREEN,2,0.8,17.3,93,RED,1,8.6,17.9,46,GREEN,2,6.7,20.7,32.0,GREEN,16,A
80,YELLOW,1,6.7,16.4,21,GREEN,1,2.9,11.3,59,GREEN,2,4.5,21.4,36.0,GREEN,59,B
78,YELLOW,2,2.6,23.0,86,RED,3,6.1,30.6,67,YELLOW,2,3.3,21.1,7.6,RED,23,C
63,YELLOW,2,6.6,23.7,53,GREEN,2,2.3,21.4,50,GREEN,0,8.2,6.2,33.6,GREEN,66,C
60,GREEN,1,7.4,14.6,57,GREEN,2,9.1,21.3,24,GREEN,1,3.8,11.3,43.6,GREEN,75,C
65,YELLOW,2,8.5,23.9,91,RED,1,3.3,17.0,53,GREEN,1,9.5,14.9,16.4,YELLOW,26,C
48,GREEN,2,2.6,22.3,73,YELLOW,2,4.0,23.6,79,YELLOW,0,5.0,9.4,20.0,YELLOW,24,C
80,YELLOW,1,5.3,17.5,68,YELLOW,2,4.4,24.3,39,GREEN,1,9.9,11.3,25.2,YELLOW,73,C
38,GREEN,2,8.7,18.5,30,GREEN,3,3.7,28.9,60,GREEN,0,0.5,5.1,48.8,GREEN,36,C
93,RED,1,5.2,18.4,31,GREEN,1,6.3,11.6,71,YELLOW,3,9.7,30.6,22.0,YELLOW,19,B
88,RED,1,7.4,18.6,61,YELLOW,1,0.7,12.1,51,GREEN,1,7.1,12.5,20.0,YELLOW,31,C
33,GREEN,3,5.3,26.5,28,GREEN,0,3.3,2.0,86,RED,2,4.6,25.3,41.2,GREEN,32,B
63,YELLOW,3,3.9,29.1,71,YELLOW,0,2.7,8.0,36,GREEN,1,7.5,12.0,32.0,GREEN,36,B
35,GREEN,2,7.3,20.7,68,YELLOW,2,7.8,23.3,26,GREEN,0,6.7,0.7,48.4,GREEN,29,C
73,YELLOW,3,4.1,31.5,80,YELLOW,1,2.5,16.7,21,GREEN,2,4.5,16.5,30.4,GREEN,49,C
37,GREEN,3,8.4,26.1,35,GREEN,2,1.6,17.9,45,GREEN,1,7.9,13.8,53.2,GREEN,40,B
65,YELLOW,3,3.3,28.7,83,YELLOW,1,7.0,16.2,50,GREEN,0,0.6,3.4,20.8,YELLOW,29,C
93,RED,3,1.9,31.7,85,YELLOW,0,7.4,6.9,52,GREEN,1,4.8,15.1,8.0,RED,48,B
79,YELLOW,0,1.4,6.6,25,GREEN,2,3.9,19.2,74,YELLOW,0,1.4,8.4,28.8,YELLOW,20,C
21,GREEN,1,6.8,8.8,65,YELLOW,3,9.6,29.6,31,GREEN,2,8.2,17.8,53.2,GREEN,66,A
71,YELLOW,3,3.1,30.6,81,YELLOW,3,6.7,33.3,34,GREEN,1,7.1,9.6,25.6,YELLOW,35,C
33,GREEN,3,9.2,27.2,92,RED,3,2.2,32.7,65,YELLOW,0,8.7,8.0,24.0,YELLOW,31,C
81,YELLOW,3,1.6,31.7,25,GREEN,0,3.0,1.8,87,RED,1,9.8,17.4,22.8,YELLOW,58,B
86,RED,0,4.6,9.5,81,YELLOW,2,6.8,24.7,39,GREEN,0,0.6,5.6,17.6,YELLOW,79,C
80,YELLOW,3,8.8,30.3,82,YELLOW,2,2.8,26.1,26,GREEN,1,5.7,10.1,24.8,YELLOW,45,C
30,GREEN,3,4.7,27.3,31,GREEN,3,4.7,25.6,83,YELLOW,0,1.5,7.9,42.4,GREEN,15,C
31,GREEN,2,9.0,19.3,78,YELLOW,2,4.0,22.0,48,GREEN,3,3.7,29.9,37.2,GREEN,75,A
66,YELLOW,3,1.6,31.6,48,GREEN,0,3.7,6.1,57,GREEN,2,7.2,19.9,31.6,GREEN,36,B
83,YELLOW,1,8.3,17.3,72,YELLOW,0,2.9,6.0,35,GREEN,3,2.5,28.8,24.0,YELLOW,39,B
62,YELLOW,0,7.7,4.5,93,RED,0,7.8,9.3,93,RED,1,9.7,15.5,0.0,RED,21,AVOID
90,RED,3,8.5,32.9,85,YELLOW,1,7.1,15.2,36,GREEN,0,4.2,4.0,15.6,YELLOW,56,C
84,YELLOW,3,4.5,32.8,51,GREEN,2,4.3,20.5,57,GREEN,3,8.1,28.3,23.2,YELLOW,80,B
58,GREEN,2,7.3,23.5,47,GREEN,1,2.5,13.6,64,YELLOW,1,9.8,15.0,32.4,GREEN,37,B
84,YELLOW,2,7.2,25.4,91,RED,3,6.0,34.9,73,YELLOW,2,8.8,23.0,0.8,RED,16,AVOID
86,RED,0,0.7,7.2,27,GREEN,1,3.0,11.8,56,GREEN,2,1.9,19.8,32.4,GREEN,52,A
46,GREEN,0,3.9,4.4,91,RED,1,7.6,17.3,50,GREEN,2,7.1,19.2,25.2,YELLOW,63,A
69,YELLOW,3,9.6,32.8,60,GREEN,0,0.6,5.0,76,YELLOW,1,9.2,16.4,18.0,YELLOW,62,B
95,RED,1,7.9,19.4,57,GREEN,3,2.2,30.4,43,GREEN,1,7.5,10.8,22.0,YELLOW,20,C
74,YELLOW,2,5.8,21.9,94,RED,2,0.6,25.3,39,GREEN,0,2.0,3.2,17.2,YELLOW,21,C
58,GREEN,3,8.0,30.0,29,GREEN,2,5.5,20.7,86,RED,0,8.0,7.2,30.8,GREEN,66,C
31,GREEN,2,2.6,18.0,62,YELLOW,2,3.9,21.1,87,RED,3,10.0,34.0,28.0,YELLOW,16,A
34,GREEN,2,4.7,21.0,51,GREEN,0,7.0,4.4,34,GREEN,3,2.9,28.3,52.4,GREEN,18,B
86,RED,2,5.4,24.6,82,YELLOW,0,3.3,8.8,61,YELLOW,0,9.5,4.8,8.4,RED,15,C
28,GREEN,1,6.9,11.9,74,YELLOW,0,2.5,8.7,75,YELLOW,0,7.6,6.1,29.2,YELLOW,73,B
62,YELLOW,0,1.3,4.4,52,GREEN,0,6.0,4.1,53,GREEN,3,4.2,29.8,33.2,GREEN,70,B
60,GREEN,0,4.2,4.5,20,GREEN,0,7.7,2.3,29,GREEN,2,9.3,17.3,56.4,GREEN,53,B
31,GREEN,2,7.8,18.9,70,YELLOW,0,5.0,7.1,37,GREEN,3,8.1,29.1,44.8,GREEN,52,B
38,GREEN,2,6.9,21.5,67,YELLOW,0,5.8,6.9,35,GREEN,0,0.5,3.9,44.0,GREEN,25,C
59,GREEN,1,7.6,15.5,64,YELLOW,1,4.4,15.0,85,YELLOW,1,2.0,15.4,16.8,YELLOW,47,A
44,GREEN,0,2.2,5.6,26,GREEN,3,6.6,24.9,28,GREEN,2,1.4,19.7,60.8,GREEN,77,A
62,YELLOW,2,1.7,22.8,32,GREEN,2,6.4,20.8,60,GREEN,3,4.8,30.5,38.4,GREEN,54,B
94,RED,1,5.9,16.9,60,GREEN,3,2.1,29.3,48,GREEN,3,3.1,28.2,19.2,YELLOW,57,A
81,YELLOW,3,4.7,33.2,82,YELLOW,0,2.2,8.6,55,GREEN,1,9.0,12.3,12.8,RED,24,B
29,GREEN,0,8.6,3.4,94,RED,3,7.8,32.3,24,GREEN,2,5.7,20.4,41.2,GREEN,75,A
39,GREEN,2,4.2,21.5,95,RED,2,1.8,25.5,31,GREEN,3,4.0,25.1,34.0,GREEN,45,A
41,GREEN,1,4.7,10.8,92,RED,1,7.5,17.1,65,YELLOW,0,2.6,6.5,20.8,YELLOW,23,C
53,GREEN,2,2.7,22.0,86,RED,2,4.2,26.3,25,GREEN,0,9.8,1.8,34.4,GREEN,50,C
53,GREEN,1,4.1,12.8,95,RED,0,5.4,9.0,48,GREEN,3,3.9,30.3,21.6,YELLOW,77,A
81,YELLOW,0,5.3,6.7,41,GREEN,1,1.2,12.7,47,GREEN,1,2.3,12.1,32.4,GREEN,30,A
49,GREEN,3,8.2,29.8,81,YELLOW,3,5.1,32.5,72,YELLOW,0,2.8,5.7,19.2,YELLOW,35,C
37,GREEN,0,9.0,2.3,41,GREEN,2,9.3,20.2,71,YELLOW,0,8.8,8.0,40.4,GREEN,51,A
30,GREEN,1,4.8,13.0,81,YELLOW,1,2.6,15.7,38,GREEN,1,6.4,11.8,40.4,GREEN,36,A
63,YELLOW,3,6.2,28.6,68,YELLOW,3,1.8,28.9,86,RED,3,8.4,33.0,13.2,RED,37,AVOID
80,YELLOW,0,8.8,8.1,35,GREEN,0,5.1,2.0,89,RED,0,9.0,10.0,18.4,YELLOW,70,B
86,RED,3,4.0,30.8,87,RED,3,2.7,33.9,68,YELLOW,2,6.1,23.8,3.6,RED,27,AVOID
74,YELLOW,1,2.9,16.5,30,GREEN,2,6.2,19.2,52,GREEN,1,0.6,14.2,37.6,GREEN,15,B
93,RED,0,5.4,8.8,46,GREEN,2,4.4,19.0,74,YELLOW,2,3.0,23.5,14.8,RED,61,A
55,GREEN,3,7.7,29.2,91,RED,3,2.2,33.3,81,YELLOW,2,9.9,24.4,9.2,RED,65,C
37,GREEN,0,7.6,3.5,40,GREEN,0,2.5,3.6,63,YELLOW,0,2.0,8.2,44.0,GREEN,15,A
31,GREEN,1,5.0,11.5,31,GREEN,0,3.0,2.6,24,GREEN,3,9.3,26.0,65.6,GREEN,51,B
27,GREEN,1,6.6,10.5,45,GREEN,2,2.4,21.6,85,YELLOW,1,6.3,17.2,37.2,GREEN,61,A
50,GREEN,0,9.8,3.3,55,GREEN,3,3.9,29.1,95,RED,1,5.4,18.4,20.0,YELLOW,23,A
31,GREEN,2,7.4,19.3,94,RED,2,3.8,26.7,48,GREEN,1,4.8,12.4,30.8,GREEN,15,A
53,GREEN,1,4.4,11.7,29,GREEN,2,3.7,17.4,85,YELLOW,2,8.8,25.8,33.2,GREEN,47,B
76,YELLOW,3,5.9,32.7,63,YELLOW,3,7.0,31.9,23,GREEN,3,1.6,24.6,35.2,GREEN,43,AVOID
49,GREEN,2,4.4,20.3,88,RED,0,7.2,7.9,56,GREEN,0,4.3,6.6,22.8,YELLOW,58,C
29,GREEN,1,5.0,10.3,93,RED,2,2.2,26.3,44,GREEN,3,7.5,27.3,33.6,GREEN,45,A
53,GREEN,1,2.7,14.6,65,YELLOW,1,7.9,13.0,30,GREEN,3,6.3,28.1,40.8,GREEN,20,A
78,YELLOW,2,6.4,24.1,89,RED,2,5.2,27.2,82,YELLOW,2,4.3,25.5,0.0,RED,31,AVOID
26,GREEN,3,5.0,26.8,84,YELLOW,2,4.2,25.1,42,GREEN,3,9.8,29.0,39.2,GREEN,73,B
60,GREEN,0,0.6,4.8,94,RED,0,3.6,9.9,53,GREEN,1,5.7,12.2,17.2,YELLOW,75,A
63,YELLOW,2,2.2,22.0,73,YELLOW,2,4.0,22.9,77,YELLOW,1,5.9,17.6,14.8,RED,44,A
32,GREEN,2,8.1,19.4,68,YELLOW,1,1.9,16.6,39,GREEN,3,8.2,26.6,44.4,GREEN,78,A
37,GREEN,2,8.0,18.9,91,RED,0,4.3,9.9,27,GREEN,1,8.2,10.6,38.0,GREEN,27,B
77,YELLOW,2,3.0,23.1,91,RED,2,3.8,24.7,64,YELLOW,1,6.0,15.0,7.2,RED,37,C
56,GREEN,2,3.6,21.6,77,YELLOW,0,4.1,6.8,38,GREEN,1,6.6,13.5,31.6,GREEN,68,B
93,RED,3,8.6,31.6,40,GREEN,2,2.7,19.3,57,GREEN,2,6.3,21.3,24.0,YELLOW,71,B
66,YELLOW,3,4.4,29.3,22,GREEN,1,7.4,10.8,30,GREEN,1,2.1,9.4,52.8,GREEN,23,B
80,YELLOW,0,0.8,7.6,30,GREEN,0,3.0,1.6,69,YELLOW,2,2.7,23.9,28.4,YELLOW,71,B
36,GREEN,1,5.5,10.3,24,GREEN,2,8.7,17.7,80,YELLOW,3,9.8,32.2,44.0,GREEN,49,B
83,YELLOW,3,1.8,34.8,82,YELLOW,1,6.1,16.7,84,YELLOW,3,5.5,33.8,0.0,RED,54,AVOID
64,YELLOW,3,5.6,31.6,76,YELLOW,2,4.0,22.6,58,GREEN,0,0.5,7.1,20.8,YELLOW,32,C
64,YELLOW,2,5.0,20.4,82,YELLOW,3,3.3,33.3,57,GREEN,1,8.1,13.9,18.8,YELLOW,39,C
72,YELLOW,3,4.3,29.9,69,YELLOW,3,2.6,29.2,50,GREEN,2,3.2,22.0,23.6,YELLOW,49,C
72,YELLOW,1,8.6,13.9,57,GREEN,0,6.6,6.2,54,GREEN,3,2.3,27.5,26.8,YELLOW,21,B
88,RED,0,2.3,7.2,54,GREEN,1,7.3,14.3,49,GREEN,0,1.9,4.9,23.6,YELLOW,58,C
73,YELLOW,2,8.0,23.3,67,YELLOW,3,7.1,28.8,30,GREEN,1,1.0,12.1,32.0,GREEN,24,C
89,RED,3,2.2,34.5,52,GREEN,3,8.4,27.7,51,GREEN,3,7.8,28.9,23.2,YELLOW,19,AVOID
45,GREEN,3,7.5,26.9,46,GREEN,3,4.2,30.4,61,YELLOW,1,6.5,12.3,39.2,GREEN,30,C
52,GREEN,3,6.6,28.0,26,GREEN,1,9.7,9.5,75,YELLOW,2,0.6,24.7,38.8,GREEN,30,B
70,YELLOW,1,0.6,13.2,80,YELLOW,1,4.0,14.4,40,GREEN,3,1.4,28.5,24.0,YELLOW,22,A
27,GREEN,2,6.6,19.5,33,GREEN,1,5.1,10.6,91,RED,2,8.2,24.9,39.6,GREEN,39,B
22,GREEN,3,3.9,24.7,25,GREEN,3,7.2,26.7,89,RED,3,2.3,31.6,45.6,GREEN,59,AVOID
61,YELLOW,3,3.1,31.4,90,RED,1,1.2,15.6,57,GREEN,2,5.6,21.5,16.8,YELLOW,79,C
68,YELLOW,1,8.9,15.3,66,YELLOW,1,3.5,12.9,88,RED,3,2.3,33.5,11.2,RED,34,B
56,GREEN,2,4.4,20.9,32,GREEN,0,0.9,5.0,42,GREEN,0,2.4,4.1,48.0,GREEN,27,B
24,GREEN,3,6.8,26.5,95,RED,2,1.0,24.4,29,GREEN,0,9.3,1.7,40.8,GREEN,77,C
30,GREEN,3,8.1,25.2,91,RED,3,8.3,34.3,27,GREEN,2,5.5,19.6,40.8,GREEN,53,C
29,GREEN,1,9.6,9.3,49,GREEN,3,2.3,29.0,51,GREEN,1,5.8,13.3,48.4,GREEN,28,A
93,RED,2,6.9,26.1,74,YELLOW,0,2.1,6.1,71,YELLOW,2,6.7,23.2,4.8,RED,71,AVOID
65,YELLOW,2,5.7,24.5,67,YELLOW,3,7.8,30.4,61,YELLOW,1,5.8,13.0,22.8,YELLOW,47,C
66,YELLOW,3,4.8,30.2,24,GREEN,2,6.2,18.5,58,GREEN,0,3.4,4.7,40.8,GREEN,55,C
22,GREEN,2,9.2,18.2,93,RED,1,1.4,17.1,39,GREEN,1,3.0,13.5,38.4,GREEN,46,A
49,GREEN,2,8.2,19.3,71,YELLOW,1,7.5,16.0,81,YELLOW,1,5.1,17.7,19.6,YELLOW,27,A
58,GREEN,0,7.4,6.1,30,GREEN,0,9.3,2.3,75,YELLOW,3,9.3,30.0,34.8,GREEN,44,B
21,GREEN,3,1.0,26.2,60,GREEN,1,3.6,14.8,39,GREEN,0,6.9,5.9,52.0,GREEN,72,C
90,RED,0,2.6,8.5,68,YELLOW,1,1.8,13.3,90,RED,0,5.7,8.4,0.0,RED,66,AVOID
84,YELLOW,3,7.9,30.9,37,GREEN,3,5.8,27.7,93,RED,1,5.8,19.3,14.4,RED,46,C
51,GREEN,0,3.0,4.8,93,RED,0,1.6,9.0,66,YELLOW,2,2.3,22.0,16.0,YELLOW,18,A
59,GREEN,1,9.9,14.4,76,YELLOW,1,4.7,17.3,49,GREEN,1,7.0,11.5,26.4,YELLOW,25,C
34,GREEN,0,2.8,3.9,38,GREEN,2,0.6,20.6,34,GREEN,2,4.8,17.5,57.6,GREEN,41,A
88,RED,1,2.4,16.9,53,GREEN,3,6.4,31.3,22,GREEN,3,6.0,26.9,34.8,GREEN,20,A
52,GREEN,1,1.1,12.0,54,GREEN,0,4.9,7.2,28,GREEN,3,6.8,27.5,46.4,GREEN,61,B
33,GREEN,0,3.3,4.8,69,YELLOW,1,9.8,14.9,32,GREEN,2,5.1,19.6,46.4,GREEN,26,A
43,GREEN,1,5.3,12.1,22,GREEN,0,2.9,2.3,62,YELLOW,3,4.2,28.8,49.2,GREEN,59,B
65,YELLOW,2,6.4,21.4,84,YELLOW,2,8.2,24.9,69,YELLOW,0,9.5,8.7,12.8,RED,43,C
39,GREEN,2,9.0,20.5,31,GREEN,3,5.4,27.8,49,GREEN,3,2.8,27.5,52.4,GREEN,54,A
62,YELLOW,3,5.7,29.0,37,GREEN,1,8.7,10.9,87,RED,1,4.6,18.3,25.6,YELLOW,33,B
92,RED,1,3.5,17.4,35,GREEN,1,3.5,13.0,23,GREEN,2,8.9,18.0,40.0,GREEN,67,C
58,GREEN,3,7.6,31.1,55,GREEN,1,7.9,11.9,43,GREEN,0,7.7,4.7,37.6,GREEN,49,C
92,RED,1,6.2,16.1,23,GREEN,2,1.3,19.4,37,GREEN,3,7.3,27.2,39.2,GREEN,64,B
82,YELLOW,3,1.8,31.0,24,GREEN,3,7.8,24.5,54,GREEN,3,2.6,30.1,36.0,GREEN,40,AVOID
46,GREEN,0,2.2,6.4,76,YELLOW,3,7.0,33.1,51,GREEN,3,4.3,27.3,30.8,GREEN,63,A
60,GREEN,3,6.3,31.0,88,RED,0,5.4,8.6,25,GREEN,1,5.4,10.1,30.8,GREEN,20,B
91,RED,3,5.4,33.6,26,GREEN,1,3.3,10.2,58,GREEN,2,4.9,21.5,30.0,YELLOW,21,B
86,RED,1,4.9,17.2,31,GREEN,0,2.2,3.4,89,RED,1,4.2,16.2,17.6,YELLOW,18,B
42,GREEN,3,6.1,29.1,45,GREEN,3,1.4,27.8,40,GREEN,0,1.4,4.8,49.2,GREEN,61,C
30,GREEN,3,7.4,28.9,40,GREEN,3,5.7,26.2,41,GREEN,2,5.9,20.7,55.6,GREEN,34,C
40,GREEN,1,2.2,12.8,73,YELLOW,2,3.4,24.4,77,YELLOW,2,6.5,22.2,24.0,YELLOW,31,A
45,GREEN,0,6.4,3.5,78,YELLOW,3,8.6,32.0,20,GREEN,3,2.8,26.4,42.8,GREEN,75,A
78,YELLOW,3,4.7,32.2,20,GREEN,1,8.9,9.1,91,RED,1,1.0,15.7,24.4,YELLOW,59,B
24,GREEN,1,8.6,11.1,58,GREEN,2,9.2,20.0,73,YELLOW,1,2.0,14.4,38.0,GREEN,37,A
78,YELLOW,2,9.3,22.2,58,GREEN,2,4.0,21.3,28,GREEN,3,8.5,25.1,34.4,GREEN,75,B
37,GREEN,0,7.1,2.8,87,RED,3,5.5,33.5,27,GREEN,0,5.9,4.6,39.6,GREEN,26,C
81,YELLOW,2,4.6,25.5,53,GREEN,2,9.3,21.8,83,YELLOW,3,5.2,31.0,13.2,RED,44,B
57,GREEN,1,0.5,11.8,35,GREEN,1,8.1,13.5,72,YELLOW,0,3.7,7.4,34.4,GREEN,42,C
21,GREEN,1,7.1,9.1,28,GREEN,2,3.4,19.0,20,GREEN,0,7.0,1.4,72.4,GREEN,18,C
42,GREEN,1,3.6,11.6,81,YELLOW,3,8.1,32.7,81,YELLOW,1,6.5,17.7,18.4,YELLOW,57,A
77,YELLOW,3,9.3,30.1,83,YELLOW,2,5.9,25.3,88,RED,0,2.5,9.8,0.0,RED,60,AVOID
28,GREEN,1,3.2,8.9,68,YELLOW,1,5.9,14.4,34,GREEN,2,7.2,18.7,48.0,GREEN,19,A
54,GREEN,3,1.3,30.9,67,YELLOW,3,8.4,29.9,87,RED,2,2.2,24.2,16.8,YELLOW,19,C
45,GREEN,0,4.7,2.6,81,YELLOW,1,2.3,17.8,87,RED,2,7.9,23.3,14.8,RED,27,A
86,RED,1,2.4,14.7,69,YELLOW,0,0.5,8.6,31,GREEN,2,4.9,17.3,25.6,YELLOW,54,B
22,GREEN,2,6.6,17.0,45,GREEN,1,3.2,12.6,76,YELLOW,0,3.1,6.2,42.8,GREEN,29,C
21,GREEN,0,2.5,1.5,60,GREEN,2,1.8,22.8,56,GREEN,1,2.1,12.8,45.2,GREEN,58,A
89,RED,3,1.0,31.0,26,GREEN,0,4.1,0.9,70,YELLOW,1,7.2,16.6,26.0,YELLOW,72,B
65,YELLOW,2,3.7,21.3,88,RED,0,9.7,9.8,79,YELLOW,1,1.4,17.1,7.2,RED,74,B
32,GREEN,3,3.4,27.8,79,YELLOW,3,2.7,30.8,53,GREEN,2,4.2,22.1,34.4,GREEN,57,C
61,YELLOW,3,5.1,28.4,34,GREEN,2,5.0,20.8,56,GREEN,2,6.2,20.1,39.6,GREEN,28,B
71,YELLOW,0,3.6,7.7,58,GREEN,3,4.3,29.5,51,GREEN,1,9.8,12.6,28.0,YELLOW,58,A
46,GREEN,3,8.0,28.3,63,YELLOW,1,2.1,15.0,93,RED,3,1.6,33.7,19.2,YELLOW,56,B
91,RED,0,8.3,7.8,71,YELLOW,0,6.2,7.8,68,YELLOW,2,5.2,23.4,8.0,RED,26,B
47,GREEN,1,8.9,14.3,20,GREEN,1,6.8,9.8,57,GREEN,3,6.3,29.5,50.4,GREEN,41,B
60,GREEN,2,5.9,23.7,58,GREEN,3,7.3,31.5,31,GREEN,0,6.3,3.1,40.4,GREEN,31,C
57,GREEN,0,4.0,5.9,26,GREEN,0,7.2,3.9,65,YELLOW,0,8.7,8.0,40.8,GREEN,45,B
75,YELLOW,3,6.4,32.3,71,YELLOW,3,4.6,29.9,42,GREEN,3,1.8,28.4,24.8,YELLOW,61,AVOID
73,YELLOW,1,3.2,16.8,36,GREEN,1,0.6,12.2,38,GREEN,3,6.8,29.7,41.2,GREEN,32,B
30,GREEN,1,6.6,10.7,78,YELLOW,3,6.4,31.6,74,YELLOW,3,4.2,30.3,27.2,YELLOW,69,A
20,GREEN,3,8.5,24.9,84,YELLOW,2,4.4,24.6,66,YELLOW,0,9.8,6.9,32.0,GREEN,62,C
34,GREEN,3,9.6,25.7,87,RED,2,4.9,23.0,31,GREEN,1,5.0,12.1,39.2,GREEN,24,C
86,RED,2,6.3,26.5,85,YELLOW,0,5.0,8.9,77,YELLOW,2,4.5,25.8,0.0,RED,52,AVOID
57,GREEN,1,0.8,15.4,58,GREEN,2,1.1,21.7,41,GREEN,0,6.7,3.3,37.6,GREEN,18,C
56,GREEN,3,1.3,29.6,55,GREEN,2,1.8,20.6,52,GREEN,0,7.5,5.6,34.8,GREEN,34,C
77,YELLOW,2,8.2,22.7,50,GREEN,3,2.2,29.1,24,GREEN,2,9.8,20.3,39.6,GREEN,34,C
83,YELLOW,3,7.8,31.3,76,YELLOW,1,2.5,16.5,64,YELLOW,0,6.6,7.4,10.8,RED,29,C
26,GREEN,1,4.9,10.5,80,YELLOW,1,4.1,16.8,80,YELLOW,2,1.9,25.5,25.6,YELLOW,16,A
56,GREEN,3,4.1,28.9,87,RED,0,1.4,8.8,65,YELLOW,3,6.3,31.1,16.8,YELLOW,49,B
62,YELLOW,2,3.0,20.6,94,RED,3,4.9,34.1,50,GREEN,1,5.4,13.7,17.6,YELLOW,38,C
60,GREEN,0,6.9,7.3,21,GREEN,3,1.4,24.5,77,YELLOW,2,2.6,22.8,36.8,GREEN,39,A
24,GREEN,0,6.4,0.6,47,GREEN,0,7.2,3.2,36,GREEN,3,6.7,29.2,57.2,GREEN,38,A
34,GREEN,1,2.9,11.3,29,GREEN,3,9.3,26.0,74,YELLOW,2,2.9,24.5,45.2,GREEN,50,A
27,GREEN,3,4.2,28.7,53,GREEN,2,2.2,19.6,45,GREEN,3,2.2,28.5,50.0,GREEN,33,B
86,RED,3,2.6,33.5,73,YELLOW,2,1.5,21.9,90,RED,2,7.9,23.4,0.0,RED,78,AVOID
39,GREEN,0,9.4,4.6,54,GREEN,1,7.2,15.0,93,RED,0,5.4,11.1,25.6,YELLOW,77,A
81,YELLOW,3,4.3,33.0,28,GREEN,1,0.5,12.6,81,YELLOW,0,5.9,9.8,24.0,YELLOW,60,C
62,YELLOW,2,4.3,22.7,31,GREEN,2,5.6,20.9,30,GREEN,3,7.7,26.2,50.8,GREEN,40,B
42,GREEN,0,9.7,4.8,58,GREEN,3,9.0,30.3,65,YELLOW,3,1.3,31.0,34.0,GREEN,39,A
37,GREEN,0,2.3,4.6,95,RED,1,5.1,15.8,89,RED,2,5.2,26.8,11.6,RED,72,A
22,GREEN,0,3.7,1.6,25,GREEN,3,1.6,27.7,86,RED,3,9.4,34.1,46.8,GREEN,34,A
94,RED,1,9.3,15.5,38,GREEN,3,6.7,27.7,25,GREEN,1,7.2,9.0,37.2,GREEN,37,C
26,GREEN,2,8.3,17.0,41,GREEN,0,8.3,2.5,83,YELLOW,1,1.1,15.1,40.0,GREEN,58,B
71,YELLOW,2,1.6,23.8,89,RED,1,3.6,18.8,47,GREEN,0,6.1,4.0,17.2,YELLOW,30,C
55,GREEN,1,7.7,12.2,67,YELLOW,1,4.7,16.4,25,GREEN,1,1.4,11.9,41.2,GREEN,63,C
40,GREEN,0,8.9,2.3,20,GREEN,1,9.3,10.8,95,RED,2,4.5,26.7,38.0,GREEN,75,A
36,GREEN,1,1.9,10.7,77,YELLOW,3,2.8,30.4,24,GREEN,1,7.3,10.8,45.2,GREEN,26,C
58,GREEN,2,4.5,22.0,44,GREEN,0,9.9,6.3,66,YELLOW,1,4.9,15.1,32.8,GREEN,41,B
55,GREEN,0,2.3,6.7,80,YELLOW,3,2.2,32.7,25,GREEN,0,6.6,1.6,36.0,GREEN,70,C
52,GREEN,2,6.4,22.8,78,YELLOW,0,1.5,6.0,88,RED,1,2.0,14.9,12.8,RED,80,B
34,GREEN,0,9.0,4.3,95,RED,2,4.5,26.5,61,YELLOW,1,7.9,13.4,24.0,YELLOW,27,A
50,GREEN,3,8.8,28.5,48,GREEN,0,5.0,4.7,75,YELLOW,1,2.6,15.9,30.8,GREEN,37,B
69,YELLOW,2,1.8,23.8,65,YELLOW,2,2.4,21.0,92,RED,0,3.2,7.6,9.6,RED,74,C
78,YELLOW,3,2.1,31.2,57,GREEN,1,8.0,14.3,41,GREEN,1,1.3,13.5,29.6,YELLOW,77,C
47,GREEN,3,8.5,27.8,74,YELLOW,1,2.9,15.1,48,GREEN,1,9.2,14.4,32.4,GREEN,68,C
25,GREEN,0,9.9,3.4,84,YELLOW,0,4.5,8.0,32,GREEN,3,5.2,25.5,43.6,GREEN,16,A
72,YELLOW,1,1.8,14.4,31,GREEN,0,5.1,2.3,78,YELLOW,0,9.8,7.7,27.6,YELLOW,32,B
71,YELLOW,1,8.0,14.6,79,YELLOW,0,8.7,6.2,62,YELLOW,0,3.3,7.2,15.2,YELLOW,41,C
30,GREEN,2,7.5,17.2,66,YELLOW,0,1.6,6.1,25,GREEN,2,4.0,19.1,51.6,GREEN,23,B
83,YELLOW,1,1.8,16.4,81,YELLOW,0,6.7,9.8,85,YELLOW,1,7.7,18.4,0.0,RED,56,AVOID
65,YELLOW,2,5.3,22.2,26,GREEN,0,4.0,2.4,84,YELLOW,0,5.0,8.5,30.0,YELLOW,52,B
77,YELLOW,2,8.1,25.5,28,GREEN,1,9.0,10.6,30,GREEN,3,9.0,26.2,46.0,GREEN,24,B
33,GREEN,1,3.1,12.1,83,YELLOW,1,8.8,16.4,22,GREEN,2,4.5,18.9,44.8,GREEN,31,C
80,YELLOW,2,4.5,25.0,22,GREEN,2,2.3,16.3,49,GREEN,2,4.4,20.3,39.6,GREEN,56,B
82,YELLOW,3,4.9,32.5,59,GREEN,1,8.0,12.8,67,YELLOW,2,7.8,20.9,16.8,YELLOW,60,B
56,GREEN,3,9.6,30.1,40,GREEN,2,2.2,18.7,39,GREEN,1,2.8,10.1,46.0,GREEN,55,C
93,RED,1,4.7,16.8,46,GREEN,0,6.8,6.5,38,GREEN,2,4.8,21.7,29.2,YELLOW,53,B
35,GREEN,0,4.3,3.5,38,GREEN,3,9.3,26.4,89,RED,2,6.6,24.1,35.2,GREEN,52,A
93,RED,1,8.1,18.2,76,YELLOW,2,7.0,24.5,25,GREEN,1,6.9,9.0,22.4,YELLOW,18,C
71,YELLOW,1,4.7,13.5,27,GREEN,1,6.0,9.6,55,GREEN,1,0.7,13.7,38.8,GREEN,72,B
31,GREEN,3,2.3,26.4,85,YELLOW,0,9.1,7.9,38,GREEN,3,4.0,27.3,38.4,GREEN,51,B
64,YELLOW,2,3.4,22.2,91,RED,0,2.5,10.7,73,YELLOW,3,3.2,32.5,8.8,RED,69,B
73,YELLOW,1,8.4,15.7,38,GREEN,1,3.4,13.8,87,RED,2,1.1,26.5,20.8,YELLOW,63,B
31,GREEN,0,4.4,4.8,73,YELLOW,1,5.8,16.1,37,GREEN,1,2.3,11.2,43.6,GREEN,77,A
25,GREEN,2,8.4,17.7,91,RED,3,2.6,34.3,39,GREEN,2,3.4,20.5,38.0,GREEN,75,A
35,GREEN,2,4.5,19.5,51,GREEN,0,1.6,4.2,28,GREEN,2,6.0,19.1,54.4,GREEN,48,B
80,YELLOW,0,4.0,8.9,22,GREEN,2,2.0,16.4,60,GREEN,3,8.8,28.5,35.2,GREEN,35,A
26,GREEN,2,3.9,19.1,65,YELLOW,0,3.3,6.6,29,GREEN,1,7.8,9.6,52.0,GREEN,27,B
41,GREEN,2,8.8,21.4,58,GREEN,2,7.0,22.6,32,GREEN,2,8.3,17.3,47.6,GREEN,51,C
67,YELLOW,3,4.4,32.4,40,GREEN,0,2.6,4.0,44,GREEN,0,4.5,6.1,39.6,GREEN,29,B
36,GREEN,0,5.1,2.8,66,YELLOW,1,8.3,16.2,86,RED,2,2.1,23.8,24.8,YELLOW,30,A
48,GREEN,1,8.6,11.4,49,GREEN,2,1.7,19.4,30,GREEN,3,7.1,28.1,49.2,GREEN,24,A
22,GREEN,3,7.7,24.4,33,GREEN,0,8.0,3.4,27,GREEN,3,1.6,25.7,67.2,GREEN,23,B
58,GREEN,0,7.7,6.9,46,GREEN,1,2.3,12.0,31,GREEN,1,8.5,12.9,46.0,GREEN,59,A
65,YELLOW,1,8.6,15.6,50,GREEN,0,1.4,5.3,21,GREEN,1,7.3,12.0,45.6,GREEN,36,B
88,RED,0,9.7,7.2,47,GREEN,3,4.0,29.1,76,YELLOW,0,2.2,7.0,15.6,YELLOW,63,C
74,YELLOW,1,5.4,15.0,60,GREEN,0,4.9,6.1,83,YELLOW,2,7.2,24.5,13.2,RED,20,B
30,GREEN,2,5.2,18.5,78,YELLOW,2,7.0,25.2,48,GREEN,3,3.3,30.2,37.6,GREEN,39,A
28,GREEN,3,9.4,26.3,21,GREEN,3,6.9,25.7,86,RED,0,1.6,8.2,46.0,GREEN,28,C
41,GREEN,0,4.0,2.9,45,GREEN,3,1.7,29.9,83,YELLOW,2,7.8,25.4,32.4,GREEN,49,A
71,YELLOW,2,5.0,23.5,71,YELLOW,3,5.4,29.7,78,YELLOW,0,1.7,7.8,12.0,RED,44,C
37,GREEN,0,1.4,1.9,28,GREEN,3,6.9,28.7,68,YELLOW,2,2.0,23.3,46.8,GREEN,27,A
29,GREEN,3,8.0,25.7,83,YELLOW,3,5.3,32.5,89,RED,0,9.5,7.0,19.6,YELLOW,70,C
35,GREEN,3,4.8,28.9,76,YELLOW,3,0.8,30.3,58,GREEN,1,5.2,12.3,32.4,GREEN,64,C
80,YELLOW,0,5.9,8.2,87,RED,3,5.0,34.4,82,YELLOW,0,4.2,8.4,0.0,RED,63,AVOID
65,YELLOW,2,3.5,20.6,25,GREEN,1,8.5,9.9,94,RED,0,7.8,9.9,26.4,YELLOW,63,C
32,GREEN,3,3.8,26.6,64,YELLOW,0,6.8,5.4,59,GREEN,0,9.1,4.2,38.0,GREEN,54,C
34,GREEN,2,2.1,19.6,24,GREEN,3,6.7,26.1,85,YELLOW,3,3.0,33.3,42.8,GREEN,17,A
60,GREEN,3,5.9,29.3,32,GREEN,3,1.5,27.9,63,YELLOW,3,5.3,31.4,38.0,GREEN,58,AVOID
41,GREEN,2,4.0,19.8,83,YELLOW,0,8.5,8.4,56,GREEN,2,1.0,23.6,28.0,YELLOW,66,B
48,GREEN,0,7.3,5.1,95,RED,2,3.1,25.8,87,RED,3,4.6,32.1,8.0,RED,24,A
58,GREEN,2,4.6,22.0,45,GREEN,3,4.3,29.0,78,YELLOW,1,8.9,16.3,27.6,YELLOW,38,A
93,RED,3,2.5,35.1,79,YELLOW,2,9.4,24.0,75,YELLOW,0,5.5,7.0,1.2,RED,33,AVOID
50,GREEN,1,7.6,14.1,75,YELLOW,3,3.5,32.8,28,GREEN,1,8.5,9.9,38.8,GREEN,51,C
40,GREEN,2,7.0,18.9,50,GREEN,0,1.9,3.1,59,GREEN,3,5.1,31.9,40.4,GREEN,69,B
24,GREEN,1,2.0,8.9,53,GREEN,2,6.8,20.0,25,GREEN,3,7.9,24.7,59.2,GREEN,25,A
60,GREEN,2,8.7,23.6,72,YELLOW,2,6.9,24.7,70,YELLOW,1,2.7,15.3,19.2,YELLOW,79,A
35,GREEN,2,5.2,17.9,35,GREEN,2,3.6,19.8,69,YELLOW,1,9.4,13.8,44.4,GREEN,28,A
42,GREEN,1,9.7,12.0,52,GREEN,0,5.2,4.7,34,GREEN,2,5.7,19.3,48.8,GREEN,46,B
55,GREEN,1,3.9,14.4,59,GREEN,0,6.6,7.5,24,GREEN,0,7.1,3.6,44.8,GREEN,45,C
52,GREEN,3,3.4,31.0,66,YELLOW,0,5.6,5.5,76,YELLOW,3,0.6,33.4,22.4,YELLOW,47,B
58,GREEN,0,9.4,6.8,58,GREEN,1,8.7,12.4,76,YELLOW,2,8.9,24.7,23.2,YELLOW,67,A
24,GREEN,2,8.7,19.7,82,YELLOW,3,7.5,33.9,62,YELLOW,3,8.8,31.5,32.8,GREEN,35,A
53,GREEN,0,3.8,5.7,90,RED,2,4.8,23.1,26,GREEN,1,6.5,11.8,32.4,GREEN,32,A
20,GREEN,3,2.4,25.2,93,RED,0,1.6,8.3,36,GREEN,3,8.0,26.9,40.4,GREEN,76,B
37,GREEN,2,2.1,20.1,61,YELLOW,2,2.4,21.8,43,GREEN,3,8.8,30.1,43.6,GREEN,43,A
22,GREEN,0,9.3,2.8,49,GREEN,0,9.8,3.7,41,GREEN,0,4.3,3.8,55.2,GREEN,48,A
39,GREEN,0,9.6,2.6,92,RED,0,0.6,9.3,78,YELLOW,3,1.6,32.7,16.4,YELLOW,39,A
54,GREEN,2,7.6,20.9,75,YELLOW,1,6.2,17.5,56,GREEN,1,4.5,13.2,26.0,YELLOW,33,C
23,GREEN,2,9.8,17.2,77,YELLOW,1,4.0,16.4,78,YELLOW,0,0.6,6.3,28.8,YELLOW,56,C
70,YELLOW,1,7.3,15.8,52,GREEN,0,1.4,3.4,62,YELLOW,1,5.0,13.6,26.4,YELLOW,20,B
20,GREEN,2,5.3,17.5,70,YELLOW,2,1.8,24.6,25,GREEN,1,3.0,10.5,54.0,GREEN,58,C
79,YELLOW,1,1.4,16.7,75,YELLOW,1,3.0,14.8,36,GREEN,3,8.8,28.9,24.0,YELLOW,61,B
75,YELLOW,2,9.1,22.6,53,GREEN,2,4.6,20.0,82,YELLOW,1,5.8,17.9,16.0,YELLOW,71,B
26,GREEN,1,1.9,9.5,24,GREEN,3,3.0,27.2,75,YELLOW,0,10.0,9.2,50.0,GREEN,20,C
76,YELLOW,2,9.9,23.8,78,YELLOW,3,1.6,32.7,38,GREEN,0,3.8,2.6,23.2,YELLOW,51,C
43,GREEN,1,7.6,13.6,92,RED,1,6.0,19.1,87,RED,1,4.5,15.0,11.2,RED,78,A
32,GREEN,2,0.7,19.9,35,GREEN,3,4.0,29.2,33,GREEN,2,2.0,17.6,60.0,GREEN,76,A
78,YELLOW,2,6.1,21.8,25,GREEN,3,3.6,27.4,92,RED,1,2.5,15.4,22.0,YELLOW,51,A
61,YELLOW,0,7.6,6.3,68,YELLOW,0,4.3,5.5,71,YELLOW,0,0.7,5.9,20.0,YELLOW,64,A
71,YELLOW,2,6.6,24.9,39,GREEN,0,3.3,5.1,59,GREEN,1,3.9,12.3,32.4,GREEN,62,B
85,YELLOW,1,5.2,18.0,80,YELLOW,2,5.8,23.7,74,YELLOW,2,6.3,23.1,4.4,RED,69,AVOID
31,GREEN,0,5.4,5.0,48,GREEN,1,9.3,12.9,87,RED,0,3.3,8.4,33.6,GREEN,76,A
58,GREEN,1,9.8,14.5,58,GREEN,1,5.5,13.0,26,GREEN,0,9.2,2.7,43.2,GREEN,80,C
74,YELLOW,3,1.4,32.0,92,RED,2,3.9,25.5,84,YELLOW,0,1.6,9.0,0.0,RED,37,AVOID
43,GREEN,3,0.9,28.0,58,GREEN,2,6.1,21.6,77,YELLOW,2,3.7,25.4,28.8,YELLOW,38,B
47,GREEN,1,1.2,14.6,53,GREEN,0,4.6,3.4,70,YELLOW,0,0.6,7.6,32.0,GREEN,73,B
71,YELLOW,3,3.4,32.4,66,YELLOW,3,8.1,29.0,37,GREEN,0,2.3,5.0,30.4,GREEN,39,C
23,GREEN,1,5.1,8.9,50,GREEN,3,8.5,30.4,88,RED,1,1.3,17.9,35.6,GREEN,33,A
80,YELLOW,3,0.7,30.7,39,GREEN,3,9.7,27.8,77,YELLOW,1,2.4,16.0,21.6,YELLOW,65,C
26,GREEN,2,0.6,19.1,75,YELLOW,3,8.6,32.4,90,RED,2,0.9,24.6,23.6,YELLOW,80,A
95,RED,3,2.7,31.7,22,GREEN,3,6.0,26.4,54,GREEN,3,8.9,27.9,31.6,GREEN,59,AVOID
77,YELLOW,3,0.7,30.9,44,GREEN,3,3.8,27.3,48,GREEN,2,9.3,22.2,32.4,GREEN,74,C
36,GREEN,2,7.4,19.2,73,YELLOW,2,8.1,24.5,40,GREEN,1,3.2,13.0,40.4,GREEN,76,C
36,GREEN,1,2.4,12.0,32,GREEN,3,9.5,27.2,50,GREEN,1,5.8,15.0,52.8,GREEN,60,A
53,GREEN,2,6.9,20.0,84,YELLOW,0,8.2,7.8,34,GREEN,1,1.6,10.3,31.6,GREEN,48,B
63,YELLOW,2,7.8,23.4,91,RED,2,9.0,26.5,85,YELLOW,0,7.2,10.2,4.4,RED,71,AVOID
78,YELLOW,0,9.8,8.9,33,GREEN,0,5.3,2.0,35,GREEN,1,9.2,10.1,41.6,GREEN,52,B
76,YELLOW,3,7.5,30.0,66,YELLOW,2,8.3,21.1,45,GREEN,3,9.7,29.6,25.2,YELLOW,15,B
51,GREEN,3,3.7,29.1,30,GREEN,2,4.0,20.0,66,YELLOW,1,1.9,15.6,41.2,GREEN,68,B
49,GREEN,1,8.1,12.6,72,YELLOW,3,9.5,31.3,66,YELLOW,0,4.7,7.7,25.2,YELLOW,23,C
30,GREEN,2,3.5,20.9,41,GREEN,3,1.1,29.1,39,GREEN,0,9.8,5.8,56.0,GREEN,52,C
73,YELLOW,3,8.9,32.1,58,GREEN,2,9.1,19.8,55,GREEN,1,7.2,13.3,25.6,YELLOW,41,C
89,RED,3,7.1,34.5,71,YELLOW,1,8.9,13.4,88,RED,2,4.2,25.7,0.8,RED,31,AVOID
86,RED,2,2.5,24.6,59,GREEN,2,7.7,20.5,23,GREEN,2,2.8,19.4,32.8,GREEN,69,C
84,YELLOW,0,7.5,9.8,53,GREEN,2,1.7,22.3,35,GREEN,3,3.3,28.4,31.2,GREEN,73,A
63,YELLOW,1,8.2,16.3,92,RED,1,3.8,16.3,93,RED,1,7.3,17.4,0.8,RED,46,AVOID
33,GREEN,2,5.4,18.1,66,YELLOW,3,1.4,31.4,72,YELLOW,0,1.4,6.9,31.6,GREEN,31,C
80,YELLOW,1,4.7,15.5,87,RED,3,6.1,32.8,70,YELLOW,2,6.1,23.5,5.2,RED,71,C
82,YELLOW,3,8.3,30.8,36,GREEN,3,7.3,26.1,85,YELLOW,0,7.1,8.3,18.8,YELLOW,19,C
40,GREEN,2,9.3,18.5,72,YELLOW,0,1.6,7.5,25,GREEN,1,1.6,9.7,45.2,GREEN,62,B
58,GREEN,2,5.1,23.0,38,GREEN,3,1.0,29.4,56,GREEN,1,2.2,14.6,39.2,GREEN,15,C
35,GREEN,2,1.1,17.7,81,YELLOW,2,5.9,25.7,68,YELLOW,3,8.4,32.1,26.4,YELLOW,31,A
37,GREEN,3,7.7,28.4,39,GREEN,2,1.3,20.4,72,YELLOW,3,2.7,30.8,40.8,GREEN,20,B
76,YELLOW,2,6.6,25.1,23,GREEN,2,5.8,16.8,91,RED,0,2.3,9.6,24.0,YELLOW,21,C
92,RED,1,7.6,17.2,22,GREEN,0,6.8,2.3,22,GREEN,2,8.0,17.2,45.6,GREEN,71,B
30,GREEN,2,4.3,17.2,22,GREEN,2,4.7,17.9,87,RED,2,4.1,23.1,44.4,GREEN,27,B
89,RED,1,3.2,15.6,31,GREEN,1,3.4,10.7,41,GREEN,0,6.3,3.4,35.6,GREEN,18,C
27,GREEN,2,4.2,18.0,72,YELLOW,2,3.0,25.0,35,GREEN,0,2.4,4.5,46.4,GREEN,45,C
83,YELLOW,3,9.5,31.4,60,GREEN,3,5.8,28.3,23,GREEN,3,6.5,28.0,33.6,GREEN,17,AVOID
54,GREEN,0,2.8,5.6,36,GREEN,2,5.9,19.4,84,YELLOW,1,7.9,15.0,30.4,GREEN,36,A
51,GREEN,3,9.6,29.3,25,GREEN,0,8.2,4.3,57,GREEN,1,0.5,15.4,46.8,GREEN,76,B
54,GREEN,2,8.5,20.9,64,YELLOW,1,6.1,14.4,25,GREEN,1,7.5,10.8,42.8,GREEN,53,C
31,GREEN,3,7.1,28.4,91,RED,2,8.8,23.9,84,YELLOW,2,8.9,26.2,17.6,YELLOW,48,C
77,YELLOW,2,2.8,25.6,63,YELLOW,1,4.9,14.7,22,GREEN,1,6.6,8.2,35.2,GREEN,75,C
20,GREEN,0,6.9,1.7,82,YELLOW,3,5.6,33.3,29,GREEN,0,9.0,4.2,47.6,GREEN,71,A
35,GREEN,2,9.7,19.0,65,YELLOW,3,2.2,31.6,21,GREEN,0,4.9,3.8,51.6,GREEN,71,C
21,GREEN,1,7.6,11.1,65,YELLOW,1,1.4,15.0,58,GREEN,1,2.7,13.8,42.4,GREEN,61,A
24,GREEN,2,5.2,19.2,46,GREEN,0,2.4,5.9,70,YELLOW,0,8.8,7.3,44.0,GREEN,78,B
41,GREEN,1,6.8,12.4,92,RED,1,1.1,15.7,28,GREEN,1,3.0,11.1,35.6,GREEN,44,C
86,RED,2,2.3,25.3,88,RED,2,7.0,26.3,20,GREEN,3,6.6,27.8,22.4,YELLOW,21,A
61,YELLOW,3,8.5,29.7,35,GREEN,3,5.2,27.6,25,GREEN,1,0.9,12.2,51.6,GREEN,72,C
60,GREEN,0,4.2,5.3,93,RED,0,9.9,8.2,74,YELLOW,0,9.2,6.2,9.2,RED,57,A
59,GREEN,0,6.4,4.3,81,YELLOW,3,8.2,32.5,62,YELLOW,2,2.8,22.1,19.2,YELLOW,58,A
26,GREEN,2,5.4,17.5,29,GREEN,3,7.8,27.4,94,RED,0,1.3,7.6,40.4,GREEN,19,C
68,YELLOW,2,9.0,23.6,36,GREEN,0,9.2,3.4,58,GREEN,3,1.1,30.5,35.2,GREEN,21,B
57,GREEN,3,4.3,30.2,72,YELLOW,1,8.7,16.3,21,GREEN,3,4.1,27.3,40.0,GREEN,27,B
63,YELLOW,0,4.8,5.6,44,GREEN,0,1.5,4.8,28,GREEN,1,9.1,9.3,46.0,GREEN,80,B
52,GREEN,2,4.5,22.1,76,YELLOW,1,2.8,16.8,27,GREEN,1,3.5,10.4,38.0,GREEN,60,C
59,GREEN,1,1.9,13.1,63,YELLOW,2,4.0,20.3,95,RED,1,1.0,17.5,13.2,RED,21,A
74,YELLOW,2,2.4,22.2,45,GREEN,0,3.7,5.2,79,YELLOW,2,8.6,24.2,20.8,YELLOW,57,B
58,GREEN,3,3.6,28.2,25,GREEN,3,2.6,24.5,48,GREEN,1,4.9,11.7,47.6,GREEN,76,C
62,YELLOW,3,2.5,28.9,20,GREEN,2,0.6,17.4,91,RED,0,1.9,8.9,30.8,GREEN,61,C
25,GREEN,0,2.4,1.6,48,GREEN,2,7.3,20.2,90,RED,1,2.2,15.1,34.8,GREEN,48,A
32,GREEN,0,8.4,1.7,34,GREEN,2,9.4,18.6,50,GREEN,2,8.2,21.6,53.6,GREEN,70,A
28,GREEN,0,1.9,4.5,44,GREEN,1,5.6,13.2,60,GREEN,3,9.8,29.0,47.2,GREEN,20,A
95,RED,1,8.6,16.7,39,GREEN,2,2.8,20.4,55,GREEN,1,8.6,15.4,24.4,YELLOW,77,B
46,GREEN,0,8.0,5.8,28,GREEN,1,5.3,11.8,85,YELLOW,2,5.2,24.4,36.4,GREEN,56,A
67,YELLOW,3,7.3,30.7,54,GREEN,3,6.6,30.6,24,GREEN,1,2.6,9.2,42.0,GREEN,45,C
69,YELLOW,1,3.4,16.6,91,RED,1,9.4,16.8,88,RED,0,1.8,7.3,0.0,RED,71,AVOID
86,RED,2,2.7,22.8,85,YELLOW,2,4.5,24.4,72,YELLOW,2,8.1,22.5,2.8,RED,63,AVOID
23,GREEN,1,4.7,9.4,29,GREEN,2,9.1,18.1,84,YELLOW,0,8.0,10.1,45.6,GREEN,27,C
35,GREEN,0,3.9,3.7,62,YELLOW,1,6.9,13.2,55,GREEN,1,7.2,15.5,39.2,GREEN,48,A
21,GREEN,2,3.2,17.5,71,YELLOW,3,8.3,32.1,21,GREEN,3,6.7,28.1,54.8,GREEN,34,A
70,YELLOW,1,2.7,16.0,80,YELLOW,1,5.4,17.1,79,YELLOW,3,3.7,30.2,8.4,RED,39,A
74,YELLOW,3,2.5,31.2,91,RED,0,4.1,9.4,36,GREEN,2,9.5,17.6,19.6,YELLOW,60,B
63,YELLOW,1,4.5,15.0,71,YELLOW,2,3.6,21.2,24,GREEN,1,2.0,12.2,36.8,GREEN,57,C
92,RED,3,9.8,32.0,70,YELLOW,0,5.6,5.8,33,GREEN,2,5.9,19.1,22.0,YELLOW,53,B
31,GREEN,1,1.5,11.3,24,GREEN,3,0.8,25.2,69,YELLOW,2,2.5,22.1,50.4,GREEN,23,A
78,YELLOW,0,4.0,5.8,61,YELLOW,3,4.2,32.1,36,GREEN,3,5.0,25.9,30.0,YELLOW,41,A
36,GREEN,1,3.4,12.9,80,YELLOW,1,6.2,17.8,95,RED,1,5.3,18.2,15.6,YELLOW,50,A
45,GREEN,0,9.9,4.3,71,YELLOW,1,5.5,16.7,82,YELLOW,3,4.9,30.4,20.8,YELLOW,26,A
56,GREEN,3,3.8,31.0,58,GREEN,3,6.3,31.0,42,GREEN,3,2.9,29.8,37.6,GREEN,70,AVOID
78,YELLOW,3,9.2,30.5,92,RED,0,4.2,11.0,50,GREEN,1,3.1,13.5,12.0,RED,52,B
28,GREEN,1,9.1,10.4,90,RED,0,10.0,7.3,33,GREEN,2,4.4,18.0,39.6,GREEN,41,B
84,YELLOW,0,4.9,6.7,79,YELLOW,3,3.8,31.5,44,GREEN,3,0.9,27.4,17.2,YELLOW,32,A
61,YELLOW,3,5.1,28.4,90,RED,1,7.3,16.8,80,YELLOW,2,8.5,22.7,7.6,RED,17,C
32,GREEN,1,3.3,11.3,70,YELLOW,1,1.2,16.1,54,GREEN,1,4.7,12.1,37.6,GREEN,19,A
88,RED,1,4.7,15.0,86,RED,0,4.2,7.8,26,GREEN,0,1.0,2.1,20.0,YELLOW,40,C
51,GREEN,2,9.1,19.9,22,GREEN,3,0.8,24.3,44,GREEN,0,2.6,5.9,53.2,GREEN,36,C
41,GREEN,0,4.4,2.5,61,YELLOW,2,5.8,20.9,46,GREEN,3,9.4,27.1,40.8,GREEN,42,A
33,GREEN,2,3.6,17.4,60,GREEN,0,4.2,5.8,28,GREEN,2,6.7,18.3,51.6,GREEN,23,B
47,GREEN,3,3.4,29.1,33,GREEN,1,2.9,9.7,61,YELLOW,3,6.9,32.0,43.6,GREEN,32,B
62,YELLOW,1,6.5,15.7,60,GREEN,3,1.1,28.1,94,RED,3,4.1,34.0,13.6,RED,44,A
84,YELLOW,0,2.7,8.9,35,GREEN,2,2.7,19.2,51,GREEN,0,1.1,4.6,32.0,GREEN,52,C
45,GREEN,1,4.1,13.1,50,GREEN,3,7.5,28.3,55,GREEN,2,6.6,22.5,40.0,GREEN,68,A
56,GREEN,0,2.7,6.5,63,YELLOW,1,2.5,12.5,51,GREEN,1,6.3,12.6,32.0,GREEN,56,A
43,GREEN,3,6.5,26.6,82,YELLOW,0,9.6,6.4,38,GREEN,1,1.7,10.5,34.8,GREEN,41,B
50,GREEN,0,4.5,4.9,41,GREEN,1,2.8,10.8,51,GREEN,2,3.2,20.9,43.2,GREEN,40,A
54,GREEN,3,1.3,31.3,70,YELLOW,3,2.1,30.8,84,YELLOW,3,7.7,33.7,16.8,YELLOW,76,AVOID
22,GREEN,3,4.6,24.5,58,GREEN,1,5.8,12.5,68,YELLOW,3,3.4,29.9,40.8,GREEN,76,B
29,GREEN,2,1.8,18.8,39,GREEN,1,0.5,13.3,67,YELLOW,3,4.3,30.4,46.0,GREEN,65,A
67,YELLOW,3,5.2,31.3,95,RED,0,4.4,7.7,35,GREEN,3,9.4,26.1,21.2,YELLOW,70,AVOID
52,GREEN,2,5.3,21.2,67,YELLOW,0,6.7,8.4,51,GREEN,1,5.0,14.8,32.0,GREEN,61,B
23,GREEN,1,3.0,10.1,38,GREEN,2,2.9,20.1,40,GREEN,0,1.6,2.4,59.6,GREEN,64,C
70,YELLOW,0,5.4,5.8,74,YELLOW,1,8.4,14.4,58,GREEN,3,6.1,30.7,19.2,YELLOW,26,A
33,GREEN,2,8.2,18.4,46,GREEN,3,7.1,26.6,41,GREEN,3,0.5,26.4,52.0,GREEN,68,A
87,RED,3,6.7,33.6,41,GREEN,1,4.1,12.9,45,GREEN,3,2.2,30.3,30.8,GREEN,72,B
92,RED,1,2.3,15.4,43,GREEN,1,3.0,13.9,72,YELLOW,3,6.5,31.7,17.2,YELLOW,36,B
30,GREEN,2,1.3,17.5,28,GREEN,2,0.8,17.7,82,YELLOW,0,0.6,7.3,44.0,GREEN,15,C
94,RED,0,1.4,9.5,20,GREEN,3,6.2,27.9,54,GREEN,3,5.0,28.7,32.8,GREEN,69,A
63,YELLOW,2,7.0,21.7,60,GREEN,1,9.4,14.7,68,YELLOW,0,9.8,8.3,23.6,YELLOW,27,C
20,GREEN,3,8.8,25.6,37,GREEN,0,6.2,5.2,55,GREEN,1,4.0,14.0,55.2,GREEN,75,B
85,YELLOW,3,6.8,30.5,61,YELLOW,0,6.5,7.6,61,YELLOW,3,2.7,30.0,17.2,YELLOW,25,B
64,YELLOW,3,9.4,32.2,80,YELLOW,0,7.5,7.2,44,GREEN,1,8.8,13.9,24.8,YELLOW,79,B
24,GREEN,1,5.2,8.7,90,RED,3,2.1,32.8,34,GREEN,3,6.8,26.4,40.8,GREEN,42,A
41,GREEN,0,1.5,6.1,23,GREEN,1,9.3,9.6,69,YELLOW,2,2.6,21.9,46.8,GREEN,75,A
35,GREEN,1,9.3,12.0,82,YELLOW,0,8.1,7.5,48,GREEN,0,6.6,4.3,34.0,GREEN,63,C
91,RED,3,8.2,32.0,34,GREEN,2,1.3,17.8,95,RED,1,7.6,16.0,12.0,RED,62,B
36,GREEN,2,9.6,19.9,20,GREEN,2,1.1,18.1,69,YELLOW,3,3.5,30.4,50.0,GREEN,31,B
86,RED,1,1.5,14.6,78,YELLOW,2,1.9,25.6,48,GREEN,3,7.0,27.4,15.2,YELLOW,51,B
38,GREEN,0,6.2,3.0,35,GREEN,2,10.0,20.3,81,YELLOW,1,5.2,16.9,38.4,GREEN,63,A
27,GREEN,2,2.0,19.6,48,GREEN,0,9.3,5.9,82,YELLOW,3,3.3,33.5,37.2,GREEN,35,B
22,GREEN,3,3.7,26.9,64,YELLOW,3,4.2,30.5,56,GREEN,2,7.1,20.4,43.2,GREEN,65,C
32,GREEN,1,3.6,12.4,26,GREEN,2,4.8,17.3,37,GREEN,3,7.1,26.9,62.0,GREEN,33,B
46,GREEN,1,8.1,11.4,21,GREEN,2,7.4,18.4,38,GREEN,3,9.5,27.5,58.0,GREEN,36,B
27,GREEN,0,3.9,2.6,26,GREEN,0,9.8,3.2,95,RED,3,9.7,34.0,40.8,GREEN,66,A
51,GREEN,0,1.6,4.7,58,GREEN,1,6.7,13.3,31,GREEN,3,8.7,27.7,44.0,GREEN,50,A
76,YELLOW,2,0.6,22.1,35,GREEN,3,6.6,29.1,48,GREEN,0,6.1,6.7,36.4,GREEN,76,C
55,GREEN,0,8.0,4.2,81,YELLOW,3,3.3,30.6,61,YELLOW,0,7.3,7.5,21.2,YELLOW,38,A
71,YELLOW,0,4.2,8.4,87,RED,3,1.1,34.0,88,RED,0,7.7,7.6,1.6,RED,30,AVOID
43,GREEN,1,0.6,12.1,60,GREEN,0,0.9,6.3,40,GREEN,0,5.8,5.4,42.8,GREEN,19,C
30,GREEN,0,5.3,2.5,89,RED,1,4.5,18.7,20,GREEN,1,3.4,11.8,44.4,GREEN,52,A
88,RED,3,1.8,32.8,60,GREEN,2,6.3,22.0,32,GREEN,0,2.8,2.0,28.0,YELLOW,53,C
47,GREEN,1,6.2,11.6,65,YELLOW,2,1.7,23.0,29,GREEN,2,3.0,19.5,43.6,GREEN,35,C
71,YELLOW,3,1.3,30.1,74,YELLOW,1,5.6,13.7,54,GREEN,1,7.3,13.7,20.4,YELLOW,80,C
40,GREEN,3,8.3,27.3,75,YELLOW,3,0.7,31.9,29,GREEN,2,1.7,17.3,42.4,GREEN,67,C
28,GREEN,2,6.6,18.3,62,YELLOW,2,1.9,23.4,55,GREEN,0,1.4,7.4,42.0,GREEN,43,C
68,YELLOW,0,7.9,5.3,87,RED,2,6.1,25.9,32,GREEN,2,7.2,20.7,25.2,YELLOW,49,A
32,GREEN,0,2.1,5.0,69,YELLOW,1,3.8,15.9,88,RED,3,5.0,31.3,24.4,YELLOW,16,A
85,YELLOW,1,6.7,15.1,92,RED,2,1.0,26.1,67,YELLOW,1,6.9,14.4,2.4,RED,73,AVOID
43,GREEN,3,9.9,29.5,84,YELLOW,2,3.1,24.1,49,GREEN,2,6.5,19.2,29.6,YELLOW,54,C
72,YELLOW,2,8.5,23.7,29,GREEN,1,9.5,9.6,27,GREEN,0,7.6,2.9,48.8,GREEN,78,C
21,GREEN,3,6.9,27.8,37,GREEN,3,5.2,28.4,88,RED,0,4.4,9.3,41.6,GREEN,15,C
74,YELLOW,2,2.8,24.4,87,RED,0,6.3,10.6,87,RED,1,2.2,16.2,0.8,RED,32,AVOID
85,YELLOW,2,9.5,24.2,68,YELLOW,1,4.0,13.3,51,GREEN,0,3.3,5.0,18.4,YELLOW,48,C
47,GREEN,0,7.5,5.0,47,GREEN,2,9.3,22.5,85,YELLOW,0,9.4,10.1,28.4,YELLOW,77,A
27,GREEN,2,0.6,18.5,58,GREEN,2,1.5,21.2,43,GREEN,3,3.9,26.7,48.8,GREEN,77,A
45,GREEN,0,5.5,6.1,72,YELLOW,0,9.2,5.2,52,GREEN,1,5.0,12.7,32.4,GREEN,61,A
74,YELLOW,1,5.6,14.5,76,YELLOW,3,2.0,31.0,75,YELLOW,0,3.9,9.0,10.0,RED,40,C
34,GREEN,1,3.2,9.9,73,YELLOW,2,9.1,21.9,45,GREEN,3,9.6,30.4,39.2,GREEN,30,A
73,YELLOW,3,5.7,32.5,36,GREEN,2,7.6,20.7,71,YELLOW,3,1.7,32.9,28.0,YELLOW,17,B
36,GREEN,1,3.8,9.7,50,GREEN,0,6.9,4.4,21,GREEN,3,5.1,25.2,57.2,GREEN,25,B
74,YELLOW,1,6.4,16.3,43,GREEN,1,3.2,10.8,53,GREEN,1,6.8,13.0,32.0,GREEN,75,B
33,GREEN,1,2.3,12.7,39,GREEN,1,1.6,11.5,55,GREEN,1,9.3,13.2,49.2,GREEN,40,A
31,GREEN,0,4.1,3.2,49,GREEN,1,3.7,12.8,85,YELLOW,3,6.6,31.7,34.0,GREEN,49,A
66,YELLOW,2,9.5,23.4,51,GREEN,2,9.0,19.8,20,GREEN,0,6.8,1.3,45.2,GREEN,51,C
80,YELLOW,2,9.1,22.4,43,GREEN,2,9.5,19.8,58,GREEN,0,1.4,3.9,27.6,YELLOW,31,C
61,YELLOW,2,7.5,21.6,94,RED,2,2.8,24.6,93,RED,3,1.3,31.8,0.0,RED,30,AVOID
25,GREEN,1,2.3,10.3,32,GREEN,0,9.4,3.7,58,GREEN,3,9.9,28.6,54.0,GREEN,34,B
25,GREEN,1,2.3,10.7,52,GREEN,2,9.0,21.0,35,GREEN,3,1.1,27.2,55.2,GREEN,79,A
22,GREEN,1,6.2,11.0,36,GREEN,2,0.9,19.9,44,GREEN,3,5.2,28.5,59.2,GREEN,80,A
29,GREEN,1,4.7,10.9,91,RED,3,4.3,32.2,43,GREEN,0,2.0,3.2,34.8,GREEN,16,C
85,YELLOW,3,5.3,33.4,53,GREEN,2,8.6,20.5,54,GREEN,0,2.1,3.6,23.2,YELLOW,45,C
57,GREEN,0,6.6,7.5,55,GREEN,1,3.1,14.7,51,GREEN,1,5.6,11.1,34.8,GREEN,59,A
67,YELLOW,2,1.3,23.5,90,RED,2,7.4,24.6,57,GREEN,2,9.9,22.2,14.4,RED,16,C
65,YELLOW,1,7.4,13.6,52,GREEN,0,5.6,7.1,94,RED,0,7.4,10.2,15.6,YELLOW,47,B
90,RED,1,8.3,15.9,54,GREEN,1,6.0,14.6,70,YELLOW,1,4.7,15.9,14.4,RED,70,B
67,YELLOW,1,9.1,13.1,43,GREEN,3,2.3,29.7,44,GREEN,3,9.5,27.1,38.4,GREEN,51,A
22,GREEN,2,2.0,16.9,70,YELLOW,1,1.2,13.3,51,GREEN,3,9.1,31.0,42.8,GREEN,27,A
87,RED,1,7.4,17.9,32,GREEN,3,4.1,25.6,21,GREEN,0,1.8,3.2,44.0,GREEN,49,C
38,GREEN,0,8.0,1.8,33,GREEN,2,8.6,17.6,37,GREEN,3,7.7,29.3,56.8,GREEN,35,A
59,GREEN,2,5.0,20.9,89,RED,2,6.5,23.4,25,GREEN,0,5.7,0.9,30.8,GREEN,68,C
38,GREEN,0,9.2,1.9,74,YELLOW,3,1.9,32.0,48,GREEN,3,7.0,29.7,36.0,GREEN,29,A
82,YELLOW,1,9.9,15.1,56,GREEN,2,1.2,20.9,66,YELLOW,0,9.0,7.0,18.4,YELLOW,37,C
74,YELLOW,2,6.2,24.1,39,GREEN,2,6.4,19.0,33,GREEN,2,9.2,19.9,41.6,GREEN,48,C
29,GREEN,0,8.7,4.8,38,GREEN,2,1.9,19.6,81,YELLOW,0,1.6,7.8,40.8,GREEN,50,A
38,GREEN,0,3.6,2.3,69,YELLOW,2,3.5,22.6,72,YELLOW,2,1.8,25.0,28.4,YELLOW,46,A
69,YELLOW,3,5.7,31.1,83,YELLOW,1,4.2,16.6,73,YELLOW,1,7.2,14.2,10.0,RED,15,C
46,GREEN,0,3.9,4.5,37,GREEN,0,1.1,3.1,37,GREEN,2,4.9,21.0,52.0,GREEN,68,B
51,GREEN,1,8.4,11.3,37,GREEN,0,9.6,4.5,68,YELLOW,0,7.1,6.5,37.6,GREEN,21,B
33,GREEN,0,5.0,3.7,40,GREEN,0,1.9,2.6,51,GREEN,0,0.6,6.4,50.4,GREEN,68,A
39,GREEN,1,5.0,10.5,87,RED,2,5.0,25.6,76,YELLOW,0,3.2,6.2,19.2,YELLOW,19,C
42,GREEN,1,0.6,13.5,78,YELLOW,2,9.2,23.8,49,GREEN,3,9.3,28.0,32.4,GREEN,26,A
86,RED,3,9.8,31.1,47,GREEN,3,6.4,27.6,43,GREEN,0,8.3,4.2,29.6,YELLOW,55,C
71,YELLOW,3,2.1,32.3,74,YELLOW,1,3.1,13.8,66,YELLOW,2,0.8,21.7,15.6,YELLOW,28,C
28,GREEN,1,6.2,11.8,59,GREEN,1,5.7,14.5,24,GREEN,1,3.1,12.3,55.6,GREEN,20,C
92,RED,3,0.9,32.5,59,GREEN,0,9.8,6.9,70,YELLOW,1,3.5,14.6,11.6,RED,60,B
36,GREEN,0,3.6,5.2,84,YELLOW,0,5.3,9.5,23,GREEN,3,5.0,27.8,42.8,GREEN,19,A
57,GREEN,1,1.9,13.6,31,GREEN,1,8.9,12.3,38,GREEN,1,9.9,11.8,49.6,GREEN,58,B
77,YELLOW,1,3.7,15.1,75,YELLOW,0,9.0,8.6,69,YELLOW,1,2.5,15.3,11.6,RED,24,B
39,GREEN,3,1.4,26.0,59,GREEN,0,5.2,5.7,41,GREEN,2,2.0,19.2,44.4,GREEN,61,B
65,YELLOW,0,1.2,7.3,78,YELLOW,2,9.9,25.7,76,YELLOW,1,9.4,17.5,12.4,RED,77,A
25,GREEN,2,8.7,18.1,36,GREEN,3,4.0,29.0,60,GREEN,2,1.3,21.7,51.6,GREEN,72,A
53,GREEN,0,6.4,5.9,51,GREEN,0,2.0,3.5,68,YELLOW,1,5.9,16.2,31.2,GREEN,43,B
69,YELLOW,3,6.9,30.3,79,YELLOW,3,1.5,30.6,33,GREEN,3,7.8,26.1,27.6,YELLOW,57,AVOID
28,GREEN,2,3.8,19.2,47,GREEN,3,1.6,28.5,89,RED,1,9.5,15.5,34.4,GREEN,42,A
60,GREEN,0,9.9,7.1,27,GREEN,2,8.0,20.6,47,GREEN,0,2.5,2.8,46.4,GREEN,69,C
54,GREEN,2,6.5,19.7,28,GREEN,2,4.3,18.0,77,YELLOW,3,5.5,32.4,36.4,GREEN,48,B
43,GREEN,0,1.4,5.9,63,YELLOW,2,2.1,21.7,73,YELLOW,3,5.0,32.1,28.4,YELLOW,35,A
75,YELLOW,2,9.2,23.8,21,GREEN,1,1.2,10.8,38,GREEN,2,6.8,21.1,46.4,GREEN,55,B
21,GREEN,1,9.0,11.8,83,YELLOW,2,1.6,26.2,72,YELLOW,2,5.4,21.2,29.6,YELLOW,72,A
36,GREEN,3,6.6,27.9,24,GREEN,1,7.6,9.2,89,RED,1,6.2,15.8,40.4,GREEN,41,B
44,GREEN,0,4.0,3.9,58,GREEN,2,5.3,23.3,83,YELLOW,3,4.4,31.7,26.0,YELLOW,69,A
86,RED,2,1.6,23.3,74,YELLOW,2,2.2,23.8,89,RED,3,4.1,34.3,0.4,RED,70,AVOID
56,GREEN,0,10.0,6.8,33,GREEN,0,6.7,3.8,72,YELLOW,0,5.2,8.2,35.6,GREEN,27,B
76,YELLOW,0,6.8,9.0,47,GREEN,1,7.9,12.9,34,GREEN,1,8.6,13.2,37.2,GREEN,59,A
79,YELLOW,3,9.1,32.5,70,YELLOW,0,9.4,8.1,84,YELLOW,2,3.0,25.0,6.8,RED,54,B
73,YELLOW,1,0.5,16.9,24,GREEN,0,0.7,3.6,86,RED,2,3.7,26.4,26.8,YELLOW,70,B
50,GREEN,3,2.3,29.6,26,GREEN,3,1.7,27.1,42,GREEN,3,9.1,28.3,52.8,GREEN,70,AVOID
49,GREEN,0,7.2,3.4,35,GREEN,3,8.5,28.0,53,GREEN,1,9.5,12.1,45.2,GREEN,26,A
23,GREEN,3,0.6,27.4,39,GREEN,0,6.4,4.1,30,GREEN,3,0.7,27.9,63.2,GREEN,73,B
65,YELLOW,1,2.8,16.1,58,GREEN,1,5.6,12.8,68,YELLOW,2,6.8,21.9,23.6,YELLOW,33,B
22,GREEN,0,1.6,3.9,35,GREEN,0,1.8,2.5,43,GREEN,0,1.2,5.7,60.0,GREEN,41,A
70,YELLOW,0,5.2,5.1,29,GREEN,3,9.6,25.2,73,YELLOW,3,9.0,31.8,31.2,GREEN,72,A
40,GREEN,1,3.3,13.6,92,RED,0,1.6,8.6,64,YELLOW,3,10.0,30.8,21.6,YELLOW,15,B
40,GREEN,2,9.3,18.8,23,GREEN,0,5.4,3.3,47,GREEN,2,1.6,19.6,56.0,GREEN,56,B
37,GREEN,1,1.3,12.5,36,GREEN,2,3.1,18.4,31,GREEN,2,7.2,19.7,58.4,GREEN,74,A
83,YELLOW,3,5.4,31.9,44,GREEN,2,2.1,21.1,55,GREEN,3,1.5,30.7,27.2,YELLOW,54,B
41,GREEN,1,9.6,12.1,77,YELLOW,3,6.2,30.8,60,GREEN,0,6.3,5.7,28.8,YELLOW,60,C
67,YELLOW,0,4.8,8.3,85,YELLOW,2,6.1,23.7,87,RED,2,4.3,23.2,4.4,RED,56,AVOID
74,YELLOW,1,3.9,13.7,67,YELLOW,2,1.9,22.0,21,GREEN,2,7.0,19.0,35.2,GREEN,42,C
79,YELLOW,2,9.0,24.1,69,YELLOW,2,6.2,23.0,33,GREEN,2,7.3,21.1,27.6,YELLOW,24,C
93,RED,3,7.0,33.0,60,GREEN,1,2.4,15.2,83,YELLOW,0,9.9,8.0,5.6,RED,30,C
77,YELLOW,1,6.2,16.1,50,GREEN,0,3.2,5.6,93,RED,0,9.2,8.4,12.0,RED,66,B
24,GREEN,0,3.7,0.5,80,YELLOW,0,8.4,7.7,58,GREEN,2,3.5,21.2,35.2,GREEN,25,A
91,RED,2,5.2,23.3,58,GREEN,3,5.2,30.4,35,GREEN,2,9.4,17.9,26.4,YELLOW,43,C
26,GREEN,0,1.8,4.6,75,YELLOW,1,2.1,14.3,67,YELLOW,0,9.4,8.2,32.8,GREEN,48,A
25,GREEN,0,1.0,1.7,53,GREEN,2,7.0,22.5,68,YELLOW,2,7.1,24.5,41.6,GREEN,73,A
35,GREEN,1,3.5,10.1,94,RED,3,6.6,34.1,86,RED,1,6.0,17.2,14.0,RED,50,A
61,YELLOW,3,2.6,29.2,57,GREEN,0,3.9,7.0,51,GREEN,1,7.1,11.4,32.4,GREEN,78,B
27,GREEN,1,0.6,9.6,69,YELLOW,1,5.1,14.3,95,RED,2,7.7,24.7,23.6,YELLOW,73,A
39,GREEN,0,9.2,2.8,66,YELLOW,3,9.8,32.1,85,YELLOW,1,7.9,15.3,24.0,YELLOW,50,A
74,YELLOW,1,7.0,17.2,93,RED,0,1.9,10.8,34,GREEN,1,0.7,11.2,19.6,YELLOW,49,B
23,GREEN,3,6.8,26.1,53,GREEN,0,9.3,3.6,75,YELLOW,1,1.9,15.5,39.6,GREEN,80,B
62,YELLOW,0,4.7,5.7,26,GREEN,3,7.5,26.3,57,GREEN,1,4.3,14.1,42.0,GREEN,78,A
86,RED,3,1.5,30.8,51,GREEN,0,2.6,3.3,24,GREEN,2,2.8,18.5,35.6,GREEN,50,B
48,GREEN,3,4.2,27.2,54,GREEN,3,2.5,30.5,64,YELLOW,2,7.2,21.6,33.6,GREEN,15,C
32,GREEN,1,5.3,12.0,81,YELLOW,2,8.6,24.9,41,GREEN,2,7.0,18.8,38.4,GREEN,57,A
78,YELLOW,1,9.6,16.5,74,YELLOW,2,0.7,25.3,29,GREEN,1,7.0,12.3,27.6,YELLOW,60,C
80,YELLOW,0,5.1,7.0,34,GREEN,0,8.3,3.7,57,GREEN,1,5.5,12.4,31.6,GREEN,33,B
32,GREEN,0,3.4,4.1,77,YELLOW,3,7.5,33.7,52,GREEN,3,2.9,29.0,35.6,GREEN,60,A
58,GREEN,2,9.0,22.9,81,YELLOW,0,3.1,8.2,22,GREEN,1,9.8,11.6,35.6,GREEN,33,B
65,YELLOW,3,0.8,30.8,75,YELLOW,2,2.5,21.9,68,YELLOW,0,9.7,8.3,16.8,YELLOW,72,C
87,RED,1,3.0,17.4,62,YELLOW,3,6.1,32.0,55,GREEN,2,2.3,21.8,18.4,YELLOW,58,C
35,GREEN,3,8.1,27.8,64,YELLOW,2,1.5,20.4,38,GREEN,3,7.0,27.9,45.2,GREEN,52,B
91,RED,1,3.4,16.3,57,GREEN,0,4.8,4.6,95,RED,0,1.0,8.7,2.8,RED,70,AVOID
65,YELLOW,0,1.0,5.1,56,GREEN,1,9.6,14.5,38,GREEN,1,4.6,13.5,36.4,GREEN,52,A
48,GREEN,0,5.0,4.2,69,YELLOW,3,4.3,32.5,53,GREEN,2,6.2,20.0,32.0,GREEN,70,A
61,YELLOW,1,7.0,12.9,37,GREEN,3,5.8,26.9,30,GREEN,2,5.9,19.5,48.8,GREEN,38,C
68,YELLOW,3,1.4,30.9,60,GREEN,2,4.9,21.7,73,YELLOW,3,4.9,33.0,19.6,YELLOW,18,B
73,YELLOW,0,7.7,7.8,58,GREEN,1,6.0,13.3,89,RED,2,1.0,26.3,12.0,RED,31,A
71,YELLOW,0,4.9,8.2,86,RED,3,8.5,30.9,54,GREEN,0,3.7,3.8,15.6,YELLOW,52,C
92,RED,3,7.1,34.7,35,GREEN,0,7.2,3.6,91,RED,3,1.8,34.7,12.8,RED,34,B
58,GREEN,2,7.3,23.5,82,YELLOW,1,1.6,14.2,35,GREEN,0,2.8,1.9,30.0,YELLOW,18,C
84,YELLOW,3,4.2,34.1,58,GREEN,3,5.1,28.5,50,GREEN,2,8.3,21.7,23.2,YELLOW,30,C
75,YELLOW,1,6.5,14.2,50,GREEN,1,5.4,13.8,45,GREEN,3,5.1,27.7,32.0,GREEN,27,B
95,RED,3,4.0,32.6,69,YELLOW,0,4.9,8.2,38,GREEN,0,3.2,2.3,19.2,YELLOW,64,C
21,GREEN,2,0.8,18.7,76,YELLOW,0,9.1,7.0,37,GREEN,3,8.9,27.5,46.4,GREEN,16,B
40,GREEN,2,5.3,21.4,46,GREEN,2,9.1,20.7,85,YELLOW,0,2.2,7.1,31.6,GREEN,58,C
78,YELLOW,1,3.1,16.9,58,GREEN,3,1.1,31.2,81,YELLOW,3,9.6,32.5,13.2,RED,38,A
93,RED,2,1.7,24.6,94,RED,2,6.1,26.7,28,GREEN,0,0.8,3.7,14.0,RED,44,C
32,GREEN,0,5.2,3.9,61,YELLOW,1,9.8,15.3,50,GREEN,0,9.0,3.7,42.8,GREEN,64,A
73,YELLOW,0,1.1,6.3,24,GREEN,0,4.7,1.9,23,GREEN,1,3.6,11.1,52.0,GREEN,63,B
37,GREEN,1,2.4,11.7,56,GREEN,1,2.4,12.2,87,RED,1,1.3,14.8,28.0,YELLOW,27,A
46,GREEN,0,8.2,6.2,66,YELLOW,3,5.9,32.1,63,YELLOW,1,7.0,16.1,30.0,YELLOW,78,A
44,GREEN,1,5.9,12.3,65,YELLOW,2,6.4,22.7,37,GREEN,0,4.7,4.2,41.6,GREEN,24,C
92,RED,0,1.7,9.3,32,GREEN,0,5.2,1.4,89,RED,2,0.7,26.2,14.8,RED,52,B
52,GREEN,3,7.2,27.5,40,GREEN,2,1.2,20.3,86,RED,2,4.3,22.8,28.8,YELLOW,29,B
94,RED,3,9.4,35.3,23,GREEN,0,3.7,1.3,62,YELLOW,0,1.8,6.4,28.4,YELLOW,57,B
27,GREEN,1,5.2,11.9,92,RED,0,3.8,7.5,73,YELLOW,0,8.9,7.2,23.2,YELLOW,31,C
54,GREEN,0,1.5,5.4,48,GREEN,2,4.6,20.0,49,GREEN,0,9.3,3.0,39.6,GREEN,40,C
88,RED,3,7.0,33.8,90,RED,3,1.0,34.1,36,GREEN,3,7.2,27.8,14.4,RED,29,AVOID
76,YELLOW,0,9.0,9.5,67,YELLOW,2,2.3,22.4,27,GREEN,1,2.7,11.1,32.0,GREEN,44,A
72,YELLOW,0,9.9,5.3,51,GREEN,0,1.2,3.6,43,GREEN,2,0.9,19.7,33.6,GREEN,46,B
57,GREEN,1,6.3,13.6,35,GREEN,0,1.2,5.3,46,GREEN,3,7.2,29.9,44.8,GREEN,43,B
76,YELLOW,2,9.4,24.7,57,GREEN,1,5.5,12.8,89,RED,0,1.0,10.5,11.2,RED,77,C
55,GREEN,0,2.4,4.0,86,RED,1,3.4,16.8,35,GREEN,2,7.4,20.7,29.6,YELLOW,19,A
50,GREEN,3,6.7,28.8,34,GREEN,0,5.2,1.5,55,GREEN,3,3.4,31.4,44.4,GREEN,22,B
55,GREEN,3,5.2,31.0,69,YELLOW,3,0.9,29.7,43,GREEN,3,5.6,28.9,33.2,GREEN,19,AVOID
89,RED,2,9.4,26.5,63,YELLOW,2,8.2,22.7,23,GREEN,2,7.4,18.8,30.0,YELLOW,69,C
27,GREEN,0,5.8,4.5,56,GREEN,3,4.5,30.5,86,RED,2,2.0,24.1,32.4,GREEN,45,A
36,GREEN,0,3.2,4.3,55,GREEN,0,10.0,6.6,57,GREEN,2,5.9,19.9,40.8,GREEN,50,A
66,YELLOW,2,6.8,23.7,21,GREEN,0,3.4,2.7,53,GREEN,1,4.7,11.4,44.0,GREEN,16,B
79,YELLOW,0,9.7,7.8,91,RED,1,4.4,17.4,30,GREEN,2,9.0,19.2,20.0,YELLOW,23,A
76,YELLOW,1,3.0,16.7,53,GREEN,3,1.7,29.8,38,GREEN,0,2.7,4.4,33.2,GREEN,38,C
84,YELLOW,3,6.0,30.6,49,GREEN,0,9.5,6.9,52,GREEN,0,6.9,6.6,26.0,YELLOW,60,B
89,RED,0,6.2,8.3,29,GREEN,3,1.6,25.2,46,GREEN,2,5.9,21.9,34.4,GREEN,68,A
29,GREEN,3,8.8,25.5,61,YELLOW,2,3.7,21.7,67,YELLOW,3,9.5,29.9,37.2,GREEN,18,B
40,GREEN,2,0.9,21.7,95,RED,0,1.5,8.3,60,GREEN,2,9.4,21.5,22.0,YELLOW,19,A
39,GREEN,3,7.7,28.5,29,GREEN,1,5.9,12.9,90,RED,3,5.6,31.5,36.8,GREEN,21,B
80,YELLOW,3,3.5,30.8,93,RED,2,9.2,24.6,66,YELLOW,1,4.8,15.6,4.4,RED,29,AVOID
50,GREEN,3,7.5,30.5,66,YELLOW,0,3.8,6.6,66,YELLOW,3,6.2,30.4,27.2,YELLOW,68,B
49,GREEN,1,9.3,11.9,72,YELLOW,1,6.3,16.4,63,YELLOW,2,1.6,21.9,26.4,YELLOW,79,A
38,GREEN,3,6.5,28.9,43,GREEN,3,0.6,26.8,53,GREEN,3,7.6,27.8,46.4,GREEN,19,AVOID
75,YELLOW,0,7.1,9.5,36,GREEN,3,9.1,27.0,71,YELLOW,1,7.3,13.6,27.2,YELLOW,58,A
95,RED,0,9.9,7.7,65,YELLOW,3,9.2,31.0,75,YELLOW,2,7.7,24.3,6.0,RED,38,C
94,RED,0,1.9,7.5,94,RED,2,6.9,25.3,60,GREEN,3,2.2,31.0,0.0,RED,50,AVOID
32,GREEN,1,3.3,10.6,92,RED,3,3.2,32.7,42,GREEN,1,0.9,14.0,33.6,GREEN,41,A
75,YELLOW,2,6.0,24.0,32,GREEN,2,3.2,17.7,55,GREEN,3,4.7,31.0,35.2,GREEN,51,B
53,GREEN,0,9.3,6.0,38,GREEN,0,2.5,5.2,41,GREEN,0,6.2,2.3,47.2,GREEN,39,B
20,GREEN,3,8.4,24.1,46,GREEN,2,9.4,20.9,76,YELLOW,1,8.4,14.8,43.2,GREEN,29,B
35,GREEN,3,8.9,27.5,31,GREEN,1,9.9,12.0,34,GREEN,2,8.1,20.4,60.0,GREEN,43,B
29,GREEN,2,2.0,18.2,78,YELLOW,0,7.2,7.1,24,GREEN,3,1.5,27.2,47.6,GREEN,55,B
44,GREEN,0,9.5,4.9,51,GREEN,1,6.1,14.6,48,GREEN,1,3.0,11.4,42.8,GREEN,38,A
83,YELLOW,2,1.8,24.8,31,GREEN,1,0.5,9.4,91,RED,1,7.2,15.3,18.0,YELLOW,48,B
68,YELLOW,1,6.6,14.7,43,GREEN,2,8.5,21.8,82,YELLOW,3,8.1,31.8,22.8,YELLOW,60,B
89,RED,3,3.3,31.8,56,GREEN,3,9.7,28.9,74,YELLOW,0,2.2,9.2,12.4,RED,29,C
64,YELLOW,3,7.2,31.5,81,YELLOW,3,6.2,32.8,23,GREEN,2,3.0,17.2,32.8,GREEN,67,C
27,GREEN,2,3.0,18.0,70,YELLOW,3,4.5,30.0,26,GREEN,2,5.1,17.5,50.8,GREEN,20,C
59,GREEN,3,4.4,30.2,41,GREEN,1,7.9,10.5,62,YELLOW,1,6.2,12.3,35.2,GREEN,17,B
68,YELLOW,0,7.9,6.1,65,YELLOW,0,6.7,6.6,66,YELLOW,1,9.9,16.0,20.4,YELLOW,65,B
49,GREEN,2,8.1,22.5,62,YELLOW,3,2.5,31.1,21,GREEN,0,8.5,3.1,47.2,GREEN,28,C
84,YELLOW,3,8.0,30.6,56,GREEN,2,0.7,22.1,51,GREEN,0,3.1,3.6,23.6,YELLOW,63,C
71,YELLOW,1,8.3,16.6,30,GREEN,0,1.2,3.9,73,YELLOW,0,0.6,8.6,30.4,GREEN,34,B
32,GREEN,3,2.3,27.6,59,GREEN,2,4.5,22.9,58,GREEN,2,4.9,20.2,40.4,GREEN,75,C
68,YELLOW,2,4.6,21.7,72,YELLOW,2,5.1,24.8,88,RED,1,4.1,18.8,8.8,RED,65,A
67,YELLOW,0,4.8,7.0,23,GREEN,3,7.8,26.1,81,YELLOW,0,6.6,7.4,31.6,GREEN,25,A
32,GREEN,1,2.5,13.0,95,RED,1,1.3,17.1,80,YELLOW,1,1.1,16.0,17.2,YELLOW,67,A
59,GREEN,2,8.4,20.0,92,RED,3,8.8,32.3,46,GREEN,3,5.7,27.9,21.2,YELLOW,45,A
61,YELLOW,3,7.2,30.2,30,GREEN,0,4.5,1.3,36,GREEN,0,2.0,4.6,49.2,GREEN,36,B
45,GREEN,3,8.8,27.0,74,YELLOW,3,2.1,32.6,82,YELLOW,1,7.6,16.4,19.6,YELLOW,66,C
21,GREEN,2,1.6,20.1,54,GREEN,2,6.3,20.9,41,GREEN,1,3.3,12.8,53.6,GREEN,62,A
86,RED,2,5.0,23.4,62,YELLOW,1,2.1,15.1,80,YELLOW,0,3.5,6.7,8.8,RED,75,C
28,GREEN,0,3.5,1.6,32,GREEN,3,3.6,25.4,79,YELLOW,1,1.1,16.4,44.4,GREEN,43,A
64,YELLOW,0,9.3,5.5,74,YELLOW,2,4.0,24.5,52,GREEN,1,1.2,11.8,24.0,YELLOW,42,A
55,GREEN,1,3.0,11.9,86,RED,3,3.6,33.7,95,RED,2,9.7,26.4,5.6,RED,75,A
46,GREEN,1,0.5,11.5,47,GREEN,0,9.3,5.2,38,GREEN,1,5.0,9.8,47.6,GREEN,24,B
26,GREEN,1,5.4,10.4,80,YELLOW,2,3.4,25.0,50,GREEN,3,4.1,28.5,37.6,GREEN,75,A
65,YELLOW,2,8.5,21.8,30,GREEN,1,9.6,12.8,55,GREEN,1,8.5,13.7,40.0,GREEN,77,B
52,GREEN,0,5.8,4.9,64,YELLOW,1,0.7,13.9,79,YELLOW,2,7.4,22.8,22.0,YELLOW,39,A
68,YELLOW,2,2.2,23.8,21,GREEN,1,4.7,10.2,20,GREEN,2,3.6,19.6,56.4,GREEN,47,B
84,YELLOW,0,6.3,6.5,55,GREEN,3,4.3,31.5,52,GREEN,2,6.4,23.1,23.6,YELLOW,18,A
80,YELLOW,3,5.2,31.9,89,RED,0,0.9,7.0,39,GREEN,1,8.8,10.4,16.8,YELLOW,68,B
35,GREEN,0,4.7,4.3,60,GREEN,0,8.6,5.1,44,GREEN,0,3.7,5.1,44.4,GREEN,55,A
41,GREEN,2,5.4,21.9,71,YELLOW,3,8.5,31.8,28,GREEN,1,8.3,10.8,44.0,GREEN,49,C
30,GREEN,1,4.7,10.1,45,GREEN,3,2.1,29.5,20,GREEN,2,3.1,17.4,62.0,GREEN,58,C
79,YELLOW,0,5.9,7.8,34,GREEN,0,2.2,1.7,60,GREEN,0,7.8,7.2,30.8,GREEN,42,B
67,YELLOW,3,1.3,31.6,51,GREEN,2,8.5,21.7,44,GREEN,1,3.4,11.9,35.2,GREEN,51,C
42,GREEN,2,1.8,19.5,48,GREEN,1,3.1,11.6,57,GREEN,2,7.1,20.8,41.2,GREEN,77,A
65,YELLOW,2,3.8,23.1,77,YELLOW,1,0.8,17.0,69,YELLOW,1,5.6,13.7,15.6,YELLOW,70,C
64,YELLOW,2,2.5,23.2,84,YELLOW,2,1.4,25.5,53,GREEN,1,4.9,11.4,19.6,YELLOW,29,C
86,RED,1,5.0,16.5,61,YELLOW,2,5.9,22.7,24,GREEN,2,7.2,18.9,31.6,GREEN,16,C
40,GREEN,3,5.0,27.3,32,GREEN,1,9.2,10.4,79,YELLOW,1,7.6,15.7,39.6,GREEN,73,B
95,RED,3,7.4,33.4,51,GREEN,2,7.4,21.5,81,YELLOW,3,3.4,34.0,9.2,RED,44,B
84,YELLOW,0,4.5,9.5,93,RED,3,6.1,32.0,41,GREEN,2,8.9,22.0,12.8,RED,40,A
92,RED,1,1.7,16.5,26,GREEN,0,3.4,3.7,64,YELLOW,3,4.3,30.2,27.2,YELLOW,33,B
45,GREEN,1,3.4,10.8,50,GREEN,1,4.6,13.9,39,GREEN,2,0.5,18.5,46.4,GREEN,27,C
80,YELLOW,3,7.1,33.7,68,YELLOW,3,7.2,31.9,32,GREEN,3,1.7,28.3,28.0,YELLOW,32,AVOID
71,YELLOW,2,9.0,24.4,74,YELLOW,3,5.6,30.8,95,RED,0,2.6,9.9,4.0,RED,45,AVOID
67,YELLOW,2,3.7,24.0,70,YELLOW,0,6.6,5.6,44,GREEN,0,2.5,4.1,27.6,YELLOW,58,C
69,YELLOW,1,4.5,14.0,69,YELLOW,3,0.8,32.7,73,YELLOW,1,2.1,16.0,15.6,YELLOW,28,A
79,YELLOW,0,3.8,8.8,71,YELLOW,0,2.0,5.6,84,YELLOW,3,7.0,30.4,6.4,RED,66,B
74,YELLOW,0,3.4,6.4,34,GREEN,3,5.3,28.5,62,YELLOW,2,1.6,20.9,32.0,GREEN,69,A
88,RED,3,8.8,31.1,20,GREEN,2,9.5,18.8,53,GREEN,1,5.4,13.8,35.6,GREEN,73,B
75,YELLOW,0,4.9,5.7,82,YELLOW,3,4.0,33.8,67,YELLOW,2,4.5,23.4,10.4,RED,18,A
89,RED,2,2.2,24.3,22,GREEN,3,3.6,26.7,34,GREEN,2,7.5,19.5,42.0,GREEN,65,C
51,GREEN,1,1.3,11.5,38,GREEN,3,4.6,26.9,78,YELLOW,1,9.2,17.4,33.2,GREEN,73,A
25,GREEN,0,3.6,0.7,32,GREEN,3,5.4,28.1,63,YELLOW,2,4.5,20.4,52.0,GREEN,47,A
30,GREEN,3,9.7,28.2,93,RED,2,10.0,25.8,89,RED,1,7.1,15.1,15.2,YELLOW,75,C
47,GREEN,3,3.1,29.5,43,GREEN,2,5.3,18.5,71,YELLOW,1,6.9,14.2,35.6,GREEN,67,B
46,GREEN,0,7.9,5.2,55,GREEN,2,4.9,22.7,60,GREEN,0,2.6,4.1,35.6,GREEN,56,A
48,GREEN,0,6.3,5.7,78,YELLOW,3,6.5,31.1,69,YELLOW,3,9.3,29.0,22.0,YELLOW,58,A
60,GREEN,2,8.3,20.6,83,YELLOW,1,5.6,15.0,69,YELLOW,2,4.3,23.5,15.2,YELLOW,25,A
82,YELLOW,2,1.3,25.2,87,RED,2,3.4,25.7,77,YELLOW,3,0.8,32.2,1.6,RED,36,AVOID
65,YELLOW,3,4.4,31.6,56,GREEN,3,9.9,29.1,88,RED,1,4.1,18.6,16.4,YELLOW,30,C
32,GREEN,3,2.6,29.2,93,RED,2,2.2,23.9,71,YELLOW,3,3.8,30.0,21.6,YELLOW,50,B
60,GREEN,2,6.5,22.7,60,GREEN,3,2.6,29.6,79,YELLOW,2,8.3,23.7,20.4,YELLOW,37,A
71,YELLOW,2,0.5,24.4,79,YELLOW,1,7.0,14.3,94,RED,3,9.8,33.0,2.4,RED,18,AVOID
48,GREEN,1,6.3,12.8,30,GREEN,3,9.5,26.3,51,GREEN,1,5.9,13.0,48.4,GREEN,26,A
67,YELLOW,0,7.6,8.2,69,YELLOW,1,8.6,13.5,67,YELLOW,1,2.2,16.4,18.8,YELLOW,40,A
61,YELLOW,1,3.3,15.7,46,GREEN,3,4.9,29.3,76,YELLOW,1,8.1,17.5,26.8,YELLOW,79,A
34,GREEN,2,8.8,21.0,51,GREEN,3,7.4,27.4,24,GREEN,3,8.7,28.4,56.4,GREEN,64,A
29,GREEN,3,9.6,28.4,88,RED,0,7.3,9.2,88,RED,0,4.7,10.1,18.0,YELLOW,22,C
57,GREEN,3,8.4,30.6,25,GREEN,2,4.3,20.2,76,YELLOW,3,8.0,30.0,36.8,GREEN,48,B
94,RED,0,7.4,8.9,63,YELLOW,1,9.2,15.5,46,GREEN,2,1.4,21.2,18.8,YELLOW,24,A
78,YELLOW,3,7.6,32.8,63,YELLOW,2,7.0,21.6,77,YELLOW,2,5.9,24.1,12.8,RED,32,B
38,GREEN,2,0.7,21.3,92,RED,2,7.3,24.4,40,GREEN,2,5.0,19.8,32.0,GREEN,52,A
39,GREEN,1,1.9,11.1,69,YELLOW,2,6.5,21.0,47,GREEN,2,1.9,18.7,38.0,GREEN,61,A
85,YELLOW,3,5.0,34.1,64,YELLOW,1,6.1,14.4,86,RED,2,4.1,26.3,6.0,RED,36,B
87,RED,3,2.2,34.3,21,GREEN,0,3.8,1.3,48,GREEN,1,3.1,13.9,37.6,GREEN,30,B
45,GREEN,2,5.2,20.8,21,GREEN,1,7.5,9.6,24,GREEN,3,6.5,28.2,64.0,GREEN,79,B
28,GREEN,2,5.8,18.9,88,RED,0,9.7,7.0,92,RED,1,2.8,18.4,16.8,YELLOW,38,B
51,GREEN,1,7.1,12.9,25,GREEN,2,5.7,16.9,44,GREEN,0,9.1,2.9,52.0,GREEN,53,C
27,GREEN,1,2.7,11.0,94,RED,3,4.9,33.5,26,GREEN,2,8.0,16.9,41.2,GREEN,76,A
34,GREEN,3,1.3,26.2,89,RED,1,6.2,16.1,21,GREEN,3,8.7,24.5,42.4,GREEN,71,B
44,GREEN,3,9.9,27.4,72,YELLOW,2,5.2,21.9,84,YELLOW,3,5.4,34.2,20.0,YELLOW,53,B
53,GREEN,1,3.7,14.0,84,YELLOW,2,6.4,22.8,43,GREEN,3,0.6,29.9,28.0,YELLOW,80,A
80,YELLOW,3,2.0,30.3,75,YELLOW,2,1.4,24.9,63,YELLOW,1,2.3,12.7,12.8,RED,44,C
47,GREEN,2,5.3,20.0,87,RED,3,1.5,31.9,46,GREEN,1,3.6,11.4,28.0,YELLOW,65,C
41,GREEN,1,6.3,10.7,86,RED,3,6.7,33.8,54,GREEN,1,9.4,13.3,27.6,YELLOW,53,A
67,YELLOW,1,3.4,15.6,60,GREEN,3,3.4,30.3,73,YELLOW,0,7.7,6.9,20.0,YELLOW,67,C
65,YELLOW,1,9.8,15.6,22,GREEN,1,2.5,11.1,57,GREEN,2,0.7,21.4,42.4,GREEN,63,B
61,YELLOW,1,8.1,14.6,76,YELLOW,2,1.5,22.6,61,YELLOW,3,9.4,30.5,20.8,YELLOW,20,A
69,YELLOW,3,2.9,32.8,95,RED,3,1.1,31.7,63,YELLOW,2,5.6,22.1,9.2,RED,51,C
34,GREEN,3,1.8,28.4,61,YELLOW,3,8.3,31.6,95,RED,2,6.0,25.7,24.0,YELLOW,71,AVOID
51,GREEN,2,5.9,22.2,53,GREEN,2,7.1,19.9,28,GREEN,2,9.6,18.2,47.2,GREEN,72,C
47,GREEN,1,3.6,11.6,66,YELLOW,2,2.4,24.5,53,GREEN,2,6.2,23.0,33.6,GREEN,32,A
35,GREEN,3,4.6,28.7,26,GREEN,0,9.2,2.6,22,GREEN,3,10.0,28.0,66.8,GREEN,56,B
88,RED,3,3.2,32.1,28,GREEN,0,5.9,4.7,34,GREEN,1,8.1,12.8,40.0,GREEN,26,B
93,RED,3,6.3,35.3,29,GREEN,3,8.3,26.8,39,GREEN,2,1.2,20.5,35.6,GREEN,58,C
78,YELLOW,3,8.9,31.4,57,GREEN,0,6.4,5.3,21,GREEN,1,3.6,8.7,37.6,GREEN,43,B
94,RED,2,5.6,26.0,45,GREEN,2,9.0,21.4,93,RED,1,2.3,15.9,7.2,RED,54,B
43,GREEN,0,0.7,4.7,25,GREEN,1,5.6,12.3,61,YELLOW,2,9.3,22.7,48.4,GREEN,40,A
58,GREEN,1,4.5,12.9,47,GREEN,2,0.8,22.2,76,YELLOW,0,8.4,7.1,27.6,YELLOW,71,C
46,GREEN,3,1.0,28.4,45,GREEN,1,7.8,12.9,35,GREEN,0,9.7,3.5,49.6,GREEN,30,C
40,GREEN,1,1.6,12.0,65,YELLOW,2,4.4,21.3,31,GREEN,2,5.0,19.1,45.6,GREEN,73,C
22,GREEN,0,4.1,1.9,32,GREEN,2,3.9,18.4,28,GREEN,3,9.5,27.4,67.2,GREEN,44,A
30,GREEN,3,8.8,25.1,55,GREEN,2,0.9,22.9,42,GREEN,0,1.7,2.8,49.2,GREEN,75,C
24,GREEN,0,6.2,1.2,57,GREEN,2,6.4,23.0,73,YELLOW,1,2.2,15.4,38.4,GREEN,34,A
43,GREEN,2,8.9,18.7,40,GREEN,0,5.2,3.2,67,YELLOW,2,6.4,20.8,40.0,GREEN,18,B
62,YELLOW,0,8.9,4.3,38,GREEN,3,0.9,27.3,87,RED,1,2.0,14.8,25.2,YELLOW,43,A
31,GREEN,3,9.9,25.5,80,YELLOW,3,9.8,33.4,88,RED,3,1.8,33.2,20.4,YELLOW,15,AVOID
59,GREEN,3,5.0,31.5,36,GREEN,2,6.7,19.1,32,GREEN,3,5.2,28.5,49.2,GREEN,40,B
36,GREEN,1,5.4,12.8,38,GREEN,1,6.8,12.8,71,YELLOW,2,8.9,21.5,42.0,GREEN,43,A
52,GREEN,1,7.4,12.4,79,YELLOW,2,7.7,22.4,74,YELLOW,2,6.8,23.7,18.0,YELLOW,19,A
69,YELLOW,0,8.0,8.8,21,GREEN,1,6.5,11.4,50,GREEN,1,4.3,11.0,44.0,GREEN,76,A
81,YELLOW,2,2.3,25.6,93,RED,3,4.8,32.2,53,GREEN,3,1.6,28.4,9.2,RED,80,A
63,YELLOW,2,10.0,21.0,63,YELLOW,3,7.8,30.1,32,GREEN,2,7.8,18.3,36.8,GREEN,61,C
74,YELLOW,0,9.7,5.9,49,GREEN,3,8.4,27.4,57,GREEN,1,8.8,12.9,28.0,YELLOW,70,A
90,RED,0,9.7,10.9,43,GREEN,3,8.3,29.8,85,YELLOW,1,1.8,17.2,12.8,RED,17,A
45,GREEN,2,5.5,21.6,92,RED,0,8.1,8.7,49,GREEN,1,4.1,11.3,25.6,YELLOW,36,B
48,GREEN,1,5.6,14.6,74,YELLOW,1,3.1,17.2,71,YELLOW,2,4.2,23.2,22.8,YELLOW,68,A
80,YELLOW,3,3.6,32.9,58,GREEN,0,1.2,6.6,59,GREEN,1,9.3,14.4,21.2,YELLOW,23,B
27,GREEN,3,1.8,26.6,40,GREEN,1,4.2,10.6,73,YELLOW,3,6.1,30.3,44.0,GREEN,59,B
29,GREEN,1,9.7,10.0,71,YELLOW,0,7.4,7.4,39,GREEN,1,4.7,12.6,44.4,GREEN,56,B
21,GREEN,0,5.4,2.2,80,YELLOW,1,6.8,15.2,35,GREEN,3,2.0,29.0,45.6,GREEN,58,A
54,GREEN,0,4.1,7.0,34,GREEN,3,4.5,26.1,82,YELLOW,2,2.6,22.6,32.0,GREEN,61,A
50,GREEN,3,8.4,30.9,73,YELLOW,0,6.6,8.8,55,GREEN,2,9.1,22.1,28.8,YELLOW,57,B
73,YELLOW,2,9.8,21.6,32,GREEN,3,2.8,27.2,95,RED,3,6.8,31.9,20.0,YELLOW,77,A
91,RED,3,6.3,34.6,68,YELLOW,0,6.2,7.2,32,GREEN,0,1.6,4.3,23.6,YELLOW,61,C
94,RED,3,8.2,34.3,25,GREEN,2,6.6,18.3,78,YELLOW,0,9.4,9.1,21.2,YELLOW,70,C
23,GREEN,1,5.9,8.4,62,YELLOW,0,3.3,5.8,23,GREEN,3,8.6,25.3,56.8,GREEN,59,B
65,YELLOW,1,3.1,15.6,61,YELLOW,3,7.1,30.6,40,GREEN,1,5.8,13.5,33.6,GREEN,56,C
71,YELLOW,2,7.9,21.8,83,YELLOW,0,3.7,8.8,49,GREEN,2,8.4,19.3,18.8,YELLOW,26,B
71,YELLOW,2,6.4,23.7,68,YELLOW,1,3.0,15.6,64,YELLOW,2,8.2,24.0,18.8,YELLOW,35,B
41,GREEN,2,0.7,18.9,59,GREEN,2,7.7,22.1,70,YELLOW,0,2.4,5.4,32.0,GREEN,66,C
53,GREEN,1,7.3,13.4,70,YELLOW,1,9.3,13.4,57,GREEN,0,3.6,4.6,28.0,YELLOW,20,C
51,GREEN,1,6.8,12.2,83,YELLOW,1,8.4,18.2,51,GREEN,1,4.7,14.3,26.0,YELLOW,33,A
21,GREEN,2,2.8,16.2,81,YELLOW,3,4.4,32.3,92,RED,1,4.4,18.6,22.4,YELLOW,66,A
93,RED,3,7.6,34.1,66,YELLOW,2,4.6,22.1,50,GREEN,2,5.6,19.3,16.4,YELLOW,32,C
61,YELLOW,1,8.1,14.4,32,GREEN,3,5.6,25.6,49,GREEN,2,7.3,21.5,43.2,GREEN,43,C
79,YELLOW,2,6.0,22.1,76,YELLOW,3,6.1,29.9,41,GREEN,0,5.8,4.3,21.6,YELLOW,22,C
64,YELLOW,3,8.7,29.0,65,YELLOW,0,9.6,5.6,52,GREEN,0,7.3,5.2,27.6,YELLOW,32,C
70,YELLOW,1,6.8,14.2,58,GREEN,2,2.7,23.0,85,YELLOW,3,1.9,32.7,14.8,RED,55,B
20,GREEN,0,7.3,1.4,35,GREEN,0,6.3,3.6,40,GREEN,1,2.9,12.4,62.0,GREEN,37,A
43,GREEN,0,6.7,4.3,35,GREEN,2,1.3,21.3,93,RED,3,8.1,32.8,31.6,GREEN,75,A
37,GREEN,2,2.2,18.9,42,GREEN,3,8.9,28.2,43,GREEN,2,4.3,19.2,51.2,GREEN,25,A
63,YELLOW,3,7.6,30.4,22,GREEN,0,9.8,0.4,67,YELLOW,0,2.1,8.6,39.2,GREEN,16,B
20,GREEN,2,4.2,16.1,92,RED,2,8.7,27.0,44,GREEN,3,2.2,27.3,37.6,GREEN,59,A
32,GREEN,1,6.2,11.5,76,YELLOW,1,5.3,16.9,76,YELLOW,0,6.4,9.3,26.4,YELLOW,30,C
59,GREEN,2,1.5,22.6,95,RED,1,9.1,17.5,39,GREEN,2,9.4,21.6,22.8,YELLOW,64,C
77,YELLOW,0,6.9,6.0,51,GREEN,2,1.8,22.9,82,YELLOW,1,8.0,14.4,16.0,YELLOW,22,A
81,YELLOW,0,8.6,6.5,61,YELLOW,3,7.7,30.7,56,GREEN,2,1.8,22.7,20.8,YELLOW,52,A
74,YELLOW,3,4.6,29.7,23,GREEN,3,1.5,26.5,69,YELLOW,2,5.2,24.0,33.6,GREEN,51,C
27,GREEN,0,2.3,1.1,95,RED,1,6.6,18.5,88,RED,0,0.9,8.0,16.0,YELLOW,39,A
65,YELLOW,0,8.3,7.2,75,YELLOW,1,5.3,16.2,25,GREEN,1,1.4,12.3,34.0,GREEN,43,A
60,GREEN,0,7.3,6.0,93,RED,0,0.9,8.8,34,GREEN,2,0.5,18.4,25.2,YELLOW,57,A
42,GREEN,3,8.4,27.7,71,YELLOW,0,2.0,7.5,53,GREEN,3,7.0,30.1,33.6,GREEN,54,B
46,GREEN,2,4.4,18.6,72,YELLOW,3,3.1,32.8,82,YELLOW,2,6.2,24.7,20.0,YELLOW,65,A
25,GREEN,3,1.7,27.3,29,GREEN,0,1.6,4.5,82,YELLOW,0,2.2,7.5,45.6,GREEN,47,B
70,YELLOW,2,5.6,22.1,92,RED,2,1.5,23.7,45,GREEN,0,5.8,4.5,17.2,YELLOW,31,C
86,RED,0,5.0,7.0,49,GREEN,0,8.4,3.6,28,GREEN,1,4.6,10.3,34.8,GREEN,33,B
76,YELLOW,0,6.8,7.6,44,GREEN,1,7.4,10.6,21,GREEN,1,3.7,11.9,43.6,GREEN,37,A
64,YELLOW,3,2.4,31.0,70,YELLOW,3,2.0,30.2,28,GREEN,1,2.2,9.6,35.2,GREEN,71,C
23,GREEN,3,1.2,25.3,87,RED,2,5.8,23.3,60,GREEN,0,1.6,4.3,32.0,GREEN,17,C
41,GREEN,2,4.0,18.7,33,GREEN,1,0.6,9.3,27,GREEN,3,7.8,25.2,59.6,GREEN,43,B
24,GREEN,0,0.7,3.7,80,YELLOW,3,3.2,32.5,77,YELLOW,1,7.0,16.2,27.6,YELLOW,59,A
